;tmin;tmax;precip;rh;vento;rad
2022-01-01;21.9;31.6;0.2;83.25;0.325;18505.5
2022-01-02;23.3;32.1;0.2;78.29166666666667;0.4708333333333334;17913.3
2022-01-03;22.3;25.9;117.2;86.79166666666667;0.4166666666666667;4917.3
2022-01-04;22.7;31.7;0.0;82.75;0.3125;15391.9
2022-01-05;23.6;31.5;0.4;78.29166666666667;0.6666666666666666;21024.0
2022-01-06;23.1;31.6;6.4;80.79166666666667;0.32083333333333336;13964.1
2022-01-07;23.3;33.2;0.2;76.54166666666667;0.5041666666666667;20397.4
2022-01-08;24.5;31.6;0.2;78.0;0.15;13197.2
2022-01-09;24.4;31.1;0.2;79.0;0.425;14296.1
2022-01-10;22.9;29.4;0.0;82.0;0.41250000000000003;12835.4
2022-01-11;23.6;32.6;4.4;78.625;0.3;17217.0
2022-01-12;23.1;27.9;9.000000000000002;84.79166666666667;0.32916666666666666;5571.3
2022-01-13;22.3;32.2;0.0;79.66666666666667;0.2125;19384.8
2022-01-14;23.0;33.2;0.2;74.20833333333333;0.25;17907.7
2022-01-15;22.3;29.5;15.8;82.79166666666667;0.3416666666666666;9626.6
2022-01-16;21.9;32.3;4.2;80.91666666666667;0.3458333333333334;18856.6
2022-01-17;21.9;32.7;50.2;79.25;0.3333333333333333;21273.3
2022-01-18;23.9;29.7;0.6000000000000001;79.41666666666667;0.34166666666666673;14014.8
2022-01-19;21.4;33.0;0.4;78.29166666666667;0.2791666666666667;19602.4
2022-01-20;23.4;33.7;0.6000000000000001;73.0;0.4791666666666667;21442.3
2022-01-21;23.3;33.7;0.0;75.375;0.3;19603.0
2022-01-22;23.4;33.7;0.0;74.375;0.2833333333333333;18420.7
2022-01-23;22.1;32.5;4.0;75.29166666666667;0.15;16275.5
2022-01-24;23.6;32.5;0.8;73.91666666666667;0.30416666666666664;18477.8
2022-01-25;22.8;34.4;0.0;71.5;0.39166666666666666;22077.2
2022-01-26;23.6;32.5;0.4;75.625;0.3;16542.8
2022-01-27;22.4;26.5;11.0;84.5;0.25;4480.5
2022-01-28;22.1;29.0;4.0;84.41666666666667;0.049999999999999996;13225.0
2022-01-29;22.7;30.8;14.8;79.875;0.45416666666666666;12722.4
2022-01-30;22.0;32.8;0.0;76.33333333333333;0.3625;21163.3
2022-01-31;23.7;33.0;0.6000000000000001;78.54166666666667;0.14166666666666666;13735.9
2022-02-01;23.0;33.3;4.6;75.83333333333333;0.30416666666666664;20134.7
2022-02-02;23.6;33.1;1.2;77.54166666666667;0.2625;15259.8
2022-02-03;23.0;31.4;0.0;79.75;0.10416666666666667;12887.9
2022-02-04;23.3;33.3;0.0;76.70833333333333;0.26666666666666666;16381.300000000001
2022-02-05;23.3;31.1;0.0;75.5;0.1875;13882.5
2022-02-06;22.6;33.5;0.4;76.375;0.22916666666666666;17685.4
2022-02-07;22.3;32.9;7.4;77.875;0.27499999999999997;19827.7
2022-02-08;23.8;34.1;0.0;73.16666666666667;0.22083333333333333;20740.1
2022-02-09;24.0;31.5;5.2;79.20833333333333;0.3625;12217.5
2022-02-10;22.9;32.7;3.6;79.66666666666667;0.22499999999999998;17174.3
2022-02-11;22.7;32.6;0.6000000000000001;74.75;0.3125;17298.2
2022-02-12;23.6;33.1;1.4;75.0;0.6291666666666667;19681.7
2022-02-13;23.4;30.2;1.4;78.75;0.4791666666666667;14817.8
2022-02-14;22.7;32.5;21.2;80.08333333333333;0.39999999999999997;18219.0
2022-02-15;22.4;33.1;7.2;83.54166666666667;0.20833333333333334;14770.1
2022-02-16;21.4;27.8;37.6;88.45833333333333;0.225;4401.1
2022-02-17;21.1;32.6;51.0;83.41666666666667;0.4041666666666666;21159.6
2022-02-18;21.8;33.2;1.2;77.54166666666667;0.07916666666666666;20597.8
2022-02-19;22.8;28.9;16.2;80.16666666666667;0.19583333333333333;8189.5
2022-02-20;22.3;33.1;6.6000000000000005;80.125;0.3625;19322.3
2022-02-21;22.2;33.4;3.8000000000000003;74.54166666666667;0.3625;23640.5
2022-02-22;23.0;31.8;4.6000000000000005;81.04166666666667;0.0375;11113.5
2022-02-23;23.2;32.8;6.2;81.79166666666667;0.49583333333333335;17162.9
2022-02-24;23.1;31.1;5.4;80.45833333333333;0.05000000000000001;12628.1
2022-02-25;23.7;31.7;4.6000000000000005;83.33333333333333;0.2125;9542.5
2022-02-26;22.4;32.5;0.0;82.08333333333333;0.4166666666666667;17074.3
2022-02-27;22.2;32.6;2.2;79.25;0.3541666666666667;18070.7
2022-02-28;22.8;32.5;2.8;77.25;0.29583333333333334;17549.9
2022-03-01;23.5;29.4;7.8;81.125;0.24166666666666667;11770.4
2022-03-02;22.5;30.4;0.6000000000000001;78.45833333333333;0.26666666666666666;11700.1
2022-03-03;22.7;31.3;15.2;82.95833333333333;0.24166666666666667;12633.7
2022-03-04;22.4;31.6;0.0;81.04166666666667;0.18333333333333335;15562.2
2022-03-05;21.9;31.6;15.200000000000001;81.91666666666667;0.4166666666666667;14498.400000000001
2022-03-06;21.7;32.6;0.4;81.58333333333333;0.2041666666666667;19553.4
2022-03-07;22.8;32.2;11.8;80.70833333333333;0.24166666666666667;16253.1
2022-03-08;22.9;33.2;0.6000000000000001;77.41666666666667;0.3541666666666667;20739.8
2022-03-09;24.6;33.5;2.2;77.45833333333333;0.21666666666666667;18233.0
2022-03-10;22.4;31.4;36.2;84.91666666666667;0.2333333333333333;9068.3
2022-03-11;22.5;29.9;20.2;86.875;0.775;13107.9
2022-03-12;22.5;33.1;0.6000000000000001;80.66666666666667;0.27499999999999997;20098.3
2022-03-13;22.7;33.1;0.0;74.79166666666667;0.3833333333333333;20005.2
2022-03-14;22.3;31.7;3.4000000000000004;78.375;0.26666666666666666;15364.300000000001
2022-03-15;23.3;30.9;0.0;78.54166666666667;0.7083333333333334;15901.6
2022-03-16;21.7;32.1;42.4;78.45833333333333;0.4875;21021.8
2022-03-17;23.5;33.1;0.4;74.83333333333333;0.3416666666666666;22569.2
2022-03-18;23.3;30.6;3.0;82.29166666666667;0.3333333333333333;11366.300000000001
2022-03-19;22.7;31.7;31.2;80.125;0.7000000000000001;21875.5
2022-03-20;23.3;31.7;14.8;82.20833333333333;0.25416666666666665;15949.5
2022-03-21;23.0;32.9;0.8;78.83333333333333;0.3416666666666666;20941.9
2022-03-22;22.2;27.5;12.8;83.5;0.375;10577.5
2022-03-23;23.6;31.9;3.6;81.5;0.6625;17560.6
2022-03-24;23.3;32.0;12.4;77.95833333333333;0.7666666666666666;18881.5
2022-03-25;22.8;32.9;0.4;77.25;0.42916666666666664;19881.5
2022-03-26;23.6;33.0;0.2;77.83333333333333;0.28750000000000003;15774.5
2022-03-27;23.6;32.2;2.2;79.0;0.4291666666666667;15674.2
2022-03-28;22.0;31.5;26.0;82.625;0.5041666666666667;17075.7
2022-03-29;22.1;29.4;121.0;83.54166666666667;0.7000000000000001;13361.6
2022-03-30;22.2;32.3;16.0;82.33333333333333;0.5083333333333334;16754.7
2022-03-31;23.6;30.2;1.0;80.125;0.5125000000000001;13997.6
2022-04-01;23.0;33.0;0.2;78.66666666666667;0.15416666666666667;18118.1
2022-04-02;23.0;34.0;6.0;75.08333333333333;0.6124999999999999;22785.9
2022-04-03;22.7;30.9;6.0;82.33333333333333;0.42083333333333334;15509.3
2022-04-04;23.4;32.3;19.8;82.79166666666667;0.3458333333333334;16539.1
2022-04-05;24.4;31.2;3.4000000000000004;81.83333333333333;0.2625;13018.8
2022-04-06;23.0;32.0;0.7999999999999999;78.91666666666667;0.24583333333333335;17560.2
2022-04-07;22.8;32.1;0.0;74.45833333333333;0.3125;17374.6
2022-04-08;23.7;33.1;0.0;74.16666666666667;0.7041666666666666;17952.4
2022-04-09;22.8;32.1;7.8;79.375;0.3125;14506.9
2022-04-10;22.5;32.2;6.0;79.625;0.225;18266.3
2022-04-11;23.0;32.8;3.0000000000000004;78.45833333333333;0.32083333333333336;18627.1
2022-04-12;23.8;34.1;0.0;72.58333333333333;0.5458333333333333;18779.0
2022-04-13;24.3;33.6;9.200000000000001;75.79166666666667;0.4791666666666667;21579.8
2022-04-14;23.5;33.5;0.0;72.54166666666667;0.19583333333333333;18093.7
2022-04-15;23.9;33.7;0.0;72.58333333333333;0.31666666666666665;18447.9
2022-04-16;24.5;33.2;0.0;72.79166666666667;0.6791666666666667;16576.8
2022-04-17;21.4;30.0;28.2;80.70833333333333;0.5625;13417.7
2022-04-18;23.7;32.3;0.4;77.5;0.07083333333333333;17811.0
2022-04-19;23.4;32.0;2.4000000000000004;77.75;0.7708333333333334;17644.7
2022-04-20;23.4;31.6;1.2000000000000002;79.45833333333333;0.25;16508.0
2022-04-21;23.5;33.9;0.0;73.75;0.4583333333333333;19100.5
2022-04-22;23.3;32.7;0.6;76.75;0.36666666666666664;18101.2
2022-04-23;22.6;29.2;10.2;81.0;0.5791666666666667;10895.199999999999
2022-04-24;22.4;31.8;0.0;74.875;0.5958333333333333;17607.0
2022-04-25;21.8;34.0;0.0;70.45833333333333;0.9375;21732.6
2022-04-26;22.8;33.6;0.0;67.66666666666667;0.9249999999999999;21905.9
2022-04-27;23.9;34.7;0.0;65.875;0.32083333333333336;20629.9
2022-04-28;22.7;34.1;0.0;70.0;0.6875;18838.0
2022-04-29;22.5;33.7;0.0;69.29166666666667;0.5333333333333333;18591.8
2022-04-30;22.9;33.6;0.0;69.20833333333333;0.5208333333333334;19495.6
2022-05-01;23.5;34.7;0.0;67.5;0.6291666666666667;19792.2
2022-05-02;22.2;34.9;0.0;67.33333333333333;0.4083333333333334;19732.8
2022-05-03;23.3;33.6;0.0;71.95833333333333;0.14166666666666666;18176.3
2022-05-04;22.9;32.5;20.400000000000002;78.16666666666667;0.35833333333333334;15191.6
2022-05-05;22.6;33.2;4.2;75.875;0.44166666666666665;19484.9
2022-05-06;22.4;34.0;0.0;72.125;0.5750000000000001;21407.2
2022-05-07;22.4;32.9;1.4000000000000001;76.25;0.07916666666666666;18365.899999999998
2022-05-08;21.9;32.6;0.0;75.04166666666667;0.23750000000000002;16898.3
2022-05-09;23.5;31.4;0.0;76.66666666666667;0.20833333333333334;13446.6
2022-05-10;21.5;33.2;0.0;72.58333333333333;0.45416666666666666;19972.2
2022-05-11;22.2;33.2;0.0;73.0;0.225;16311.3
2022-05-12;23.7;33.6;0.0;69.83333333333333;0.05416666666666667;15279.7
2022-05-13;24.1;33.8;0.2;74.08333333333333;0.5291666666666667;15959.6
2022-05-14;23.8;34.1;0.0;71.79166666666667;0.8958333333333334;16565.6
2022-05-15;23.7;33.5;0.0;75.125;0.4916666666666667;12935.699999999999
2022-05-16;23.9;33.8;0.0;73.20833333333333;0.5583333333333333;16482.7
2022-05-17;22.1;33.5;0.0;72.41666666666667;0.016666666666666666;14511.9
2022-05-18;22.4;34.0;0.0;75.29166666666667;0.21666666666666667;17717.9
2022-05-19;21.9;30.6;0.0;63.25;0.6666666666666666;15643.5
2022-05-20;21.3;30.0;0.0;66.45833333333333;0.020833333333333332;12457.1
2022-05-21;20.7;31.5;0.0;71.20833333333333;0.0;14188.3
2022-05-22;22.6;32.1;3.4;74.79166666666667;0.024999999999999998;16824.1
2022-05-23;22.6;34.0;5.6;73.79166666666667;0.0;16786.2
2022-05-24;23.8;32.4;0.2;70.95833333333333;0.9583333333333334;19141.2
2022-05-25;20.6;33.3;0.0;64.79166666666667;0.9833333333333334;18834.0
2022-05-26;21.6;32.9;0.0;66.70833333333333;1.2083333333333333;16815.0
2022-05-27;22.2;32.9;0.0;66.66666666666667;1.2416666666666667;16365.1
2022-05-28;20.6;34.3;0.0;64.58333333333333;0.5499999999999999;18557.899999999998
2022-05-29;20.8;33.7;0.0;63.125;0.6958333333333333;16618.4
2022-05-30;24.1;34.8;0.0;63.125;0.6124999999999999;17379.9
2022-05-31;21.8;33.2;0.8;71.875;0.30833333333333335;15588.0
2022-06-01;22.7;32.3;0.2;73.29166666666667;0.6541666666666667;14212.9
2022-06-02;23.3;32.9;2.2;69.70833333333333;0.3625;16979.4
2022-06-03;21.6;34.4;1.2;69.20833333333333;0.06666666666666667;17167.5
2022-06-04;23.5;31.3;0.0;74.54166666666667;0.35000000000000003;12937.2
2022-06-05;22.6;32.8;0.0;72.04166666666667;0.9708333333333333;17598.8
2022-06-06;23.3;33.1;0.0;67.125;0.8375;13630.6
2022-06-07;22.9;33.4;0.0;65.0;0.6166666666666667;15684.4
2022-06-08;19.9;34.1;0.0;68.08333333333333;0.25833333333333336;14398.7
2022-06-09;20.8;33.8;0.0;67.41666666666667;0.5083333333333333;15283.8
2022-06-10;21.0;34.1;0.0;68.79166666666667;0.47500000000000003;17067.2
2022-06-11;22.6;34.2;0.0;71.375;0.42083333333333334;14582.7
2022-06-12;22.7;34.1;0.2;71.45833333333333;0.25833333333333336;14392.4
2022-06-13;21.5;30.4;62.4;80.91666666666667;0.5916666666666667;15259.9
2022-06-14;21.6;32.7;1.4;80.25;0.3125;14800.7
2022-06-15;20.9;32.1;0.0;73.16666666666667;0.8791666666666668;18090.2
2022-06-16;20.3;33.6;0.0;69.0;0.3458333333333334;18619.4
2022-06-17;20.5;33.8;0.0;66.75;0.3833333333333333;17989.3
2022-06-18;20.8;34.6;0.0;63.541666666666664;0.4583333333333333;18992.6
2022-06-19;20.8;34.0;0.0;65.16666666666667;0.625;17712.2
2022-06-20;20.8;33.3;0.0;66.20833333333333;0.4666666666666666;17905.3
2022-06-21;19.5;33.4;0.0;66.33333333333333;0.5291666666666667;17700.0
2022-06-22;21.9;32.3;0.0;66.41666666666667;0.5499999999999999;13247.4
2022-06-23;19.5;33.9;0.0;63.333333333333336;0.4875;18602.0
2022-06-24;20.0;34.2;0.0;61.583333333333336;0.7250000000000001;18113.4
2022-06-25;21.4;34.3;0.0;61.583333333333336;0.5541666666666666;18810.0
2022-06-26;19.2;34.1;0.0;58.958333333333336;0.2916666666666667;18650.6
2022-06-27;18.0;33.6;0.0;60.958333333333336;0.6625;18843.0
2022-06-28;20.1;34.1;0.0;60.5;0.5333333333333333;18939.4
2022-06-29;20.6;34.0;0.0;62.375;0.2333333333333333;16622.6
2022-06-30;21.1;34.7;0.0;62.791666666666664;0.049999999999999996;16012.1
2022-07-01;20.7;33.9;1.6;69.33333333333333;0.15833333333333333;14497.6
2022-07-02;20.6;33.7;1.2000000000000002;68.91666666666667;0.8875000000000001;16638.2
2022-07-03;21.7;33.3;0.0;58.5;1.1083333333333334;16471.3
2022-07-04;19.8;32.8;0.0;58.125;0.5458333333333333;17137.3
2022-07-05;22.9;33.9;0.0;57.708333333333336;0.3666666666666667;15037.8
2022-07-06;23.0;34.4;0.0;57.458333333333336;0.8708333333333332;16587.4
2022-07-07;20.8;34.6;0.0;58.25;1.0833333333333333;17576.9
2022-07-08;24.4;32.6;0.0;57.375;0.9958333333333335;13735.9
2022-07-09;19.9;35.0;0.0;60.583333333333336;0.48750000000000004;17875.600000000002
2022-07-10;18.5;34.2;0.0;58.291666666666664;0.9249999999999999;17461.2
2022-07-11;21.5;34.2;0.0;52.958333333333336;0.7041666666666666;17794.0
2022-07-12;19.4;35.9;0.0;58.75;0.4916666666666667;17553.3
2022-07-13;20.9;35.0;0.0;60.583333333333336;0.7291666666666666;16494.6
2022-07-14;21.2;33.3;0.0;62.291666666666664;0.5583333333333333;12943.6
2022-07-15;19.8;34.8;0.0;59.375;0.3125;17399.1
2022-07-16;19.7;35.9;0.0;54.916666666666664;0.3416666666666666;18691.2
2022-07-17;18.6;35.6;0.0;55.708333333333336;0.19999999999999998;18059.0
2022-07-18;20.3;35.3;0.0;55.916666666666664;0.7916666666666666;18685.3
2022-07-19;19.6;34.8;0.0;54.416666666666664;0.5958333333333333;18410.5
2022-07-20;19.0;35.4;0.0;54.208333333333336;0.35833333333333334;18214.2
2022-07-21;19.3;34.6;0.0;53.208333333333336;0.47500000000000003;17071.5
2022-07-22;17.7;34.3;0.0;57.25;0.6208333333333333;17528.8
2022-07-23;18.6;34.8;1.0;55.608695652173914;0.717391304347826;19072.1
2022-07-24;19.0;36.2;0.0;55.041666666666664;0.6458333333333334;20225.2
2022-07-25;20.3;35.7;0.0;52.875;0.20833333333333334;20538.3
2022-07-26;19.8;35.7;0.0;51.625;0.4583333333333333;20845.3
2022-07-27;18.9;35.1;0.0;48.833333333333336;0.4291666666666667;19718.7
2022-07-28;19.5;36.1;0.0;52.041666666666664;0.19999999999999998;19787.899999999998
2022-07-29;19.6;36.6;0.0;54.291666666666664;0.04583333333333334;18844.0
2022-07-30;20.2;36.8;1.0;60.083333333333336;0.0;15317.4
2022-07-31;22.6;33.5;0.0;67.95833333333333;0.3625;13789.2
2022-08-01;22.1;34.1;2.2;69.375;0.37916666666666665;14191.8
2022-08-02;20.2;35.8;0.0;57.625;0.8583333333333334;20610.1
2022-08-03;17.6;35.3;0.0;58.125;1.0374999999999999;20742.8
2022-08-04;19.6;35.6;0.0;59.625;0.32916666666666666;18316.8
2022-08-05;20.7;35.0;0.0;57.958333333333336;0.43333333333333335;16787.0
2022-08-06;23.0;36.3;0.0;54.375;0.5791666666666666;20009.7
2022-08-07;20.3;35.4;0.0;59.416666666666664;0.7000000000000001;17544.0
2022-08-08;18.7;37.0;0.0;53.666666666666664;0.7958333333333334;22062.100000000002
2022-08-09;18.2;37.1;0.0;50.041666666666664;1.0;20620.1
2022-08-10;18.5;36.3;0.0;52.583333333333336;0.6541666666666667;20902.6
2022-08-11;20.2;36.2;0.0;55.0;0.6625;21798.4
2022-08-12;20.5;34.0;0.0;61.291666666666664;0.09583333333333333;16448.9
2022-08-13;22.0;33.8;0.0;64.04166666666667;0.5291666666666667;14431.1
2022-08-14;19.1;35.3;0.0;58.458333333333336;0.22916666666666666;19899.1
2022-08-15;17.9;36.0;0.0;50.416666666666664;0.6791666666666667;22203.3
2022-08-16;17.8;36.8;0.0;47.166666666666664;0.39166666666666666;21479.7
2022-08-17;18.0;36.7;0.0;45.916666666666664;0.8583333333333334;21757.899999999998
2022-08-18;19.3;36.6;0.0;48.791666666666664;0.8624999999999999;19740.7
2022-08-19;21.1;37.4;0.0;50.583333333333336;0.425;20778.7
2022-08-20;20.4;37.4;0.0;48.375;0.32916666666666666;19717.2
2022-08-21;18.7;36.1;0.0;42.166666666666664;0.6208333333333333;21120.4
2022-08-22;17.3;36.5;0.0;43.833333333333336;0.7458333333333332;18909.1
2022-08-23;20.2;37.1;0.0;44.541666666666664;1.1875;21261.3
2022-08-24;21.1;36.6;0.0;50.583333333333336;0.8208333333333333;19529.7
2022-08-25;20.8;36.2;0.0;58.5;0.725;16108.1
2022-08-26;22.1;36.0;0.0;54.791666666666664;0.3;17569.2
2022-08-27;18.3;37.4;0.0;47.916666666666664;0.4791666666666667;20738.7
2022-08-28;18.6;37.5;0.0;44.75;0.44166666666666665;20975.2
2022-08-29;17.4;37.8;0.0;44.416666666666664;0.4166666666666667;20129.2
2022-08-30;18.9;36.1;0.0;51.291666666666664;0.775;19583.6
2022-08-31;21.2;36.6;0.0;49.708333333333336;0.8583333333333334;19445.5
2022-09-01;19.0;36.9;0.0;45.625;0.9458333333333333;21114.5
2022-09-02;17.9;37.9;0.0;42.458333333333336;1.0791666666666666;20905.7
2022-09-03;21.2;37.1;0.0;42.125;1.3;19411.4
2022-09-04;20.0;38.0;0.0;47.166666666666664;1.0;20647.5
2022-09-05;20.7;38.5;0.0;48.666666666666664;1.2791666666666666;20295.6
2022-09-06;21.6;37.7;0.0;47.166666666666664;1.1458333333333333;19341.8
2022-09-07;21.2;37.9;0.0;45.916666666666664;0.4375;20026.2
2022-09-08;21.3;36.5;0.0;48.791666666666664;0.2041666666666667;17981.7
2022-09-09;20.3;36.7;0.0;52.833333333333336;0.24583333333333335;17035.1
2022-09-10;19.9;37.0;0.0;51.458333333333336;0.27499999999999997;19166.5
2022-09-11;19.4;38.4;0.0;48.958333333333336;0.15;19143.0
2022-09-12;23.5;34.7;0.0;57.041666666666664;0.6916666666666665;11531.1
2022-09-13;22.1;35.6;0.2;61.416666666666664;0.6791666666666667;13499.300000000001
2022-09-14;22.2;37.1;0.0;57.375;0.37083333333333335;18100.7
2022-09-15;22.0;37.0;0.0;55.5;0.325;17182.0
2022-09-16;24.4;37.5;1.0;54.208333333333336;0.125;18763.4
2022-09-17;22.5;36.5;0.0;59.583333333333336;0.37916666666666665;20972.2
2022-09-18;24.0;36.0;0.0;54.125;0.39166666666666666;15177.1
2022-09-19;21.1;37.3;0.0;53.541666666666664;0.3625;21483.3
2022-09-20;22.5;37.2;0.0;52.458333333333336;0.46249999999999997;20102.0
2022-09-21;22.7;36.9;0.0;52.833333333333336;0.9333333333333332;16212.4
2022-09-22;23.6;35.9;0.0;53.375;0.7124999999999999;17394.4
2022-09-23;22.3;37.5;0.0;51.916666666666664;0.5499999999999999;21744.1
2022-09-24;23.6;33.0;0.0;64.20833333333333;0.4166666666666667;10800.7
2022-09-25;20.8;33.5;0.0;65.58333333333333;1.2375;16557.2
2022-09-26;22.8;36.4;0.0;54.958333333333336;0.6;19208.6
2022-09-27;21.8;37.5;0.0;48.0;0.6208333333333333;21900.6
2022-09-28;21.7;36.3;0.0;52.75;0.22916666666666666;16309.9
2022-09-29;23.0;37.2;0.0;54.666666666666664;0.15416666666666667;15591.8
2022-09-30;21.5;36.6;0.0;51.875;0.2625;20026.4
2022-10-01;23.9;37.2;0.0;47.875;0.7125;20317.9
2022-10-02;21.2;38.5;0.0;49.208333333333336;0.3666666666666667;21940.2
2022-10-03;24.7;37.3;0.0;48.958333333333336;0.12916666666666668;17128.0
2022-10-04;23.6;34.3;0.0;54.375;0.26666666666666666;16215.7
2022-10-05;21.4;39.0;0.0;53.208333333333336;0.9416666666666665;22532.399999999998
2022-10-06;25.0;36.1;0.0;51.541666666666664;1.1875;15327.3
2022-10-07;23.7;37.9;0.0;49.583333333333336;1.0666666666666667;20047.8
2022-10-08;23.4;37.0;0.0;48.833333333333336;0.42083333333333334;20312.6
2022-10-09;21.2;36.5;32.6;62.708333333333336;0.41250000000000003;17144.8
2022-10-10;24.0;33.5;0.0;75.375;0.004166666666666667;15950.0
2022-10-11;23.5;35.3;0.0;60.791666666666664;0.0;19176.8
2022-10-12;22.7;38.2;0.0;52.875;0.0;22531.7
2022-10-13;22.6;37.4;0.0;52.125;0.004166666666666667;21056.3
2022-10-14;25.2;37.9;0.2;53.458333333333336;0.0;21014.3
2022-10-15;25.3;36.9;0.0;50.291666666666664;0.0;20062.7
2022-10-16;25.2;36.4;0.0;53.916666666666664;0.016666666666666666;18483.3
2022-10-17;22.6;36.0;0.0;56.125;0.0;15902.8
2022-10-18;24.0;36.4;0.0;53.208333333333336;0.0;19049.600000000002
2022-10-19;24.9;37.1;0.0;49.708333333333336;0.004166666666666667;19569.6
2022-10-20;25.1;37.5;0.0;49.833333333333336;0.0;21451.899999999998
2022-10-21;24.6;36.3;0.0;53.75;0.0;19132.3
2022-10-22;25.9;33.1;0.0;58.041666666666664;0.0;12734.9
2022-10-23;26.2;37.0;0.0;55.666666666666664;0.0;18326.2
2022-10-24;25.9;36.2;0.0;56.166666666666664;0.0;15011.1
2022-10-25;23.7;32.9;18.8;68.16666666666667;0.09583333333333333;13220.6
2022-10-26;23.5;32.7;0.0;73.04166666666667;0.0;16715.3
2022-10-27;23.1;34.8;0.8;65.70833333333333;0.0;17266.5
2022-10-28;23.4;35.7;0.0;56.875;0.012500000000000002;22008.2
2022-10-29;23.3;37.7;0.0;51.625;0.0;20671.3
2022-10-30;24.4;36.3;0.0;54.083333333333336;0.004166666666666667;21562.3
2022-10-31;25.8;38.3;0.0;49.416666666666664;0.0;23535.7
2022-11-01;23.5;33.5;4.2;59.833333333333336;0.012500000000000002;7871.400000000001
2022-11-02;22.4;35.1;0.0;68.41666666666667;0.004166666666666667;21368.9
2022-11-03;22.3;35.4;7.2;59.75;0.020833333333333332;19621.0
2022-11-04;22.8;27.8;47.6;80.125;0.0;5835.200000000001
2022-11-05;22.4;32.6;0.0;73.29166666666667;0.0;20079.7
2022-11-06;22.0;30.4;66.2;78.83333333333333;0.008333333333333333;11614.6
2022-11-07;22.9;33.4;8.6;74.29166666666667;0.024999999999999998;16642.4
2022-11-08;22.5;29.2;15.6;82.79166666666667;0.004166666666666667;11093.2
2022-11-09;22.5;30.7;2.0;78.79166666666667;0.0;13287.3
2022-11-10;23.0;34.5;0.0;67.5;0.0;24699.3
2022-11-11;21.9;34.9;0.0;67.375;0.0;22859.9
2022-11-12;22.6;33.9;21.8;72.29166666666667;0.0;16390.0
2022-11-13;22.3;33.9;6.2;77.125;0.020833333333333332;20164.4
2022-11-14;23.4;34.4;0.0;70.33333333333333;0.0;20203.7
2022-11-15;23.5;33.0;7.6000000000000005;73.70833333333333;0.004166666666666667;14894.1
2022-11-16;23.3;33.8;0.0;74.45833333333333;0.0;20875.9
2022-11-17;23.3;34.4;0.0;68.45833333333333;0.004166666666666667;23051.1
2022-11-18;23.7;29.1;0.0;72.79166666666667;0.0;9433.8
2022-11-19;21.4;32.0;37.0;74.25;0.0;13657.7
2022-11-20;22.1;33.4;29.6;76.58333333333333;0.0;20231.7
2022-11-21;22.3;34.1;9.6;72.29166666666667;0.004166666666666667;23840.8
2022-11-22;22.4;33.7;0.0;69.29166666666667;0.0;21746.8
2022-11-23;22.9;34.1;0.0;69.08333333333333;0.0;21629.4
2022-11-24;24.8;33.1;0.0;69.5;0.0;19331.7
2022-11-25;21.7;30.0;58.8;83.83333333333333;0.03333333333333333;10067.4
2022-11-26;23.2;31.2;1.0;81.0;0.0;13770.5
2022-11-27;22.1;32.7;6.6000000000000005;74.83333333333333;0.024999999999999998;21492.8
2022-11-28;21.6;30.0;86.0;82.08333333333333;0.008333333333333333;9989.2
2022-11-29;21.9;29.2;12.6;83.41666666666667;0.0;8748.1
2022-11-30;21.5;30.8;0.8;80.625;0.0;14564.5
2022-12-01;23.3;31.7;8.4;79.91666666666667;0.004166666666666667;14169.6
2022-12-02;23.8;31.2;1.2;83.25;0.0;12174.9
2022-12-03;23.0;30.0;6.6000000000000005;84.375;0.0375;11006.5
2022-12-04;22.7;29.4;0.2;82.16666666666667;0.0;15398.3
2022-12-05;23.4;29.8;2.4;81.83333333333333;0.0;11333.199999999999
2022-12-06;20.8;32.7;0.0;78.91666666666667;0.0;16844.3
2022-12-07;22.1;34.5;0.0;71.33333333333333;0.0;22929.6
2022-12-08;22.0;33.9;0.0;69.45833333333333;0.0;23528.4
2022-12-09;23.1;32.5;10.6;73.75;0.0;12595.4
2022-12-10;22.3;33.9;2.0;73.875;0.004166666666666667;21420.899999999998
2022-12-11;23.1;33.4;0.0;75.16666666666667;0.008333333333333333;17297.2
2022-12-12;23.5;33.2;1.2;75.75;0.004166666666666667;17231.7
2022-12-13;22.3;33.9;0.0;72.08333333333333;0.0;22295.2
2022-12-14;22.7;33.5;0.0;67.125;0.0;20157.3
2022-12-15;23.7;33.6;0.0;73.16666666666667;0.0;17545.1
2022-12-16;24.1;33.8;0.6;71.125;0.0;19493.4
2022-12-17;24.4;28.1;1.8;76.58333333333333;0.004166666666666667;10870.3
2022-12-18;23.1;34.5;0.0;74.16666666666667;0.0;19858.0
2022-12-19;23.7;33.7;0.4;71.91666666666667;0.0;17948.600000000002
2022-12-20;24.0;33.5;0.0;69.41666666666667;0.0;18926.2
2022-12-21;22.7;32.5;2.0;72.625;0.004166666666666667;15632.2
2022-12-22;23.8;30.8;8.0;76.375;0.004166666666666667;12664.5
2022-12-23;23.7;31.6;0.8;78.54166666666667;0.0;15603.2
2022-12-24;23.0;30.0;0.2;78.41666666666667;0.0;11496.5
2022-12-25;23.4;33.0;5.0;78.95833333333333;0.0;14410.1
2022-12-26;23.1;31.7;40.8;84.54166666666667;0.0;12456.5
2022-12-27;22.6;32.3;2.8;78.41666666666667;0.0;18898.399999999998
2022-12-28;22.0;28.3;52.2;83.79166666666667;0.004166666666666667;9277.1
2022-12-29;22.3;32.3;0.0;78.95833333333333;0.0;20051.5
2022-12-30;22.9;31.5;6.0;77.5;0.012499999999999999;15906.6
2022-12-31;21.7;31.4;18.4;80.0;0.004166666666666667;16993.0
2023-01-01;22.4;32.6;1.8;77.20833333333333;0.0;20254.4
2023-01-02;23.2;33.4;0.0;73.95833333333333;0.0;20288.4
2023-01-03;22.0;32.9;8.6;74.70833333333333;0.03333333333333333;19793.3
2023-01-04;22.5;33.7;0.0;73.33333333333333;0.008333333333333333;24226.0
2023-01-05;21.9;32.9;15.8;77.79166666666667;0.0;14910.1
2023-01-06;22.3;31.7;0.0;79.25;0.0;17234.9
2023-01-07;23.4;31.0;0.0;77.79166666666667;0.008333333333333333;14722.0
2023-01-08;23.6;32.6;3.4;78.04166666666667;0.0;17661.3
2023-01-09;21.3;31.7;0.8;75.79166666666667;0.004166666666666667;16219.1
2023-01-10;23.6;31.2;0.4;75.91666666666667;0.0;16554.2
2023-01-11;23.5;30.2;0.0;76.75;0.0;12725.7
2023-01-12;22.6;33.6;0.0;73.75;0.0;22390.8
2023-01-13;24.4;32.2;2.6;75.66666666666667;0.012500000000000002;14431.6
2023-01-14;22.9;27.8;12.6;85.625;0.0;7871.6
2023-01-15;22.7;32.7;3.2;83.5;0.004166666666666667;17783.8
2023-01-16;21.4;31.1;0.0;81.0;0.0;14684.0
2023-01-17;20.9;32.4;1.8;76.58333333333333;0.029166666666666664;17806.399999999998
2023-01-18;22.3;29.3;0.8;82.75;0.0;9487.1
2023-01-19;20.9;30.5;7.6000000000000005;82.875;0.008333333333333333;13915.8
2023-01-20;20.4;33.6;0.4;75.70833333333333;0.0;23976.2
2023-01-21;22.2;33.8;2.0;73.16666666666667;0.0;21204.6
2023-01-22;21.6;32.8;0.4;75.20833333333333;0.0;19093.5
2023-01-23;23.0;33.1;3.4000000000000004;79.0;0.0;17664.7
2023-01-24;22.8;32.3;9.2;79.04166666666667;0.024999999999999998;16265.6
2023-01-25;21.8;33.0;47.599999999999994;76.83333333333333;0.004166666666666667;17899.2
2023-01-26;22.2;33.0;0.0;77.66666666666667;0.0;18993.0
2023-01-27;22.7;31.8;8.6;78.45833333333333;0.0;15473.3
2023-01-28;21.6;31.0;0.4;79.375;0.004166666666666667;16821.4
2023-01-29;22.3;33.8;0.0;73.20833333333333;0.004166666666666667;22377.6
2023-01-30;22.8;32.7;0.0;72.33333333333333;0.0;16950.9
2023-01-31;22.0;33.7;0.0;71.70833333333333;0.0;21190.9
2023-02-01;23.2;31.3;13.2;76.25;0.004166666666666667;15029.7
2023-02-02;22.7;30.7;0.2;81.16666666666667;0.004166666666666667;14727.3
2023-02-03;22.6;32.2;0.0;73.5;0.008333333333333333;20533.2
2023-02-04;22.5;33.5;0.0;71.04166666666667;0.004166666666666667;21048.0
2023-02-05;22.8;33.0;4.6;75.58333333333333;0.0;15479.199999999999
2023-02-06;22.0;33.6;1.8;76.04166666666667;0.016666666666666666;19965.3
2023-02-07;22.3;30.8;0.4;80.54166666666667;0.0;12659.1
2023-02-08;22.3;31.8;1.8;79.375;0.0;15756.6
2023-02-09;22.7;33.7;0.0;74.0;0.0;19131.7
2023-02-10;22.0;34.3;0.0;69.08333333333333;0.0;24633.6
2023-02-11;23.8;33.9;0.0;70.04166666666667;0.012499999999999999;21901.5
2023-02-12;23.1;33.9;0.0;67.45833333333333;0.012499999999999999;18897.3
2023-02-13;22.3;34.7;6.0;73.45833333333333;0.0375;18820.3
2023-02-14;23.3;33.9;0.0;74.29166666666667;0.0;21148.899999999998
2023-02-15;23.9;32.2;0.6000000000000001;74.0;0.0;12847.199999999999
2023-02-16;23.7;34.1;1.4;73.54166666666667;0.0;19953.4
2023-02-17;22.7;33.9;0.0;74.45833333333333;0.0;17765.4
2023-02-18;22.6;30.4;31.200000000000003;80.125;0.0;11203.0
2023-02-19;22.9;32.0;8.799999999999999;80.33333333333333;0.012499999999999999;15877.9
2023-02-20;21.8;31.8;27.6;81.91666666666667;0.008333333333333333;15826.0
2023-02-21;22.7;33.3;0.4;77.08333333333333;0.012499999999999999;21687.9
2023-02-22;20.9;28.2;17.8;84.125;0.0;8195.1
2023-02-23;22.5;28.6;6.0;83.29166666666667;0.0;12853.5
2023-02-24;21.8;33.4;0.2;79.66666666666667;0.0;21762.8
2023-02-25;24.2;32.0;3.0000000000000004;76.125;0.004166666666666667;17023.3
2023-02-26;23.2;33.1;2.0;78.0;0.03333333333333333;17118.9
2023-02-27;22.6;32.2;13.400000000000002;82.45833333333333;0.004166666666666667;14582.0
2023-02-28;22.5;33.3;0.2;80.125;0.012500000000000002;18423.2
2023-03-01;23.8;33.6;0.0;74.5;0.004166666666666667;20274.4
2023-03-02;23.1;33.5;0.0;71.41666666666667;0.004166666666666667;21660.4
2023-03-03;24.0;33.4;0.0;73.75;0.0;15366.9
2023-03-04;22.5;32.8;0.0;75.25;0.004166666666666667;16939.0
2023-03-05;23.2;33.9;11.600000000000001;76.33333333333333;0.016666666666666666;18442.1
2023-03-06;23.4;32.5;6.4;79.08333333333333;0.0;15073.5
2023-03-07;23.7;32.6;4.0;78.625;0.0;16604.7
2023-03-08;22.3;30.3;15.6;81.91666666666667;0.0;14005.9
2023-03-09;23.5;33.7;11.8;78.66666666666667;0.008333333333333333;19171.5
2023-03-10;23.5;32.9;0.2;73.41666666666667;0.0;19862.3
2023-03-11;22.6;32.3;29.2;78.5;0.0;14576.4
2023-03-12;23.1;33.3;0.2;78.66666666666667;0.0;19306.3
2023-03-13;21.1;28.3;78.0;86.04166666666667;0.004166666666666667;6867.0
2023-03-14;23.7;29.7;1.8;85.20833333333333;0.0;11311.7
2023-03-15;21.3;27.9;34.6;85.25;0.0;9622.9
2023-03-16;23.1;32.6;2.4;78.375;0.0;21198.8
2023-03-17;21.5;27.5;39.4;84.75;0.049999999999999996;9037.7
2023-03-18;21.1;31.9;21.2;80.83333333333333;0.0;20782.4
2023-03-19;22.0;26.3;62.4;84.875;0.004166666666666667;5384.3
2023-03-20;22.5;31.7;4.6000000000000005;82.95833333333333;0.0;17726.9
2023-03-21;22.4;26.4;44.6;86.79166666666667;0.004166666666666667;5792.1
2023-03-22;21.7;30.6;0.0;83.08333333333333;0.0;18193.0
2023-03-23;22.4;31.0;17.4;82.45833333333333;0.0;13924.4
2023-03-24;21.3;29.9;68.2;87.25;0.04583333333333334;12357.0
2023-03-25;22.4;32.0;0.2;82.83333333333333;0.008333333333333333;18789.1
2023-03-26;23.1;31.5;0.4;79.875;0.004166666666666667;13890.9
2023-03-27;23.1;31.0;6.2;81.68181818181819;0.0;12956.5
2023-03-28;23.5;29.8;22.599999999999998;85.21739130434783;0.0608695652173913;8322.1
2023-03-29;22.6;33.0;0.6000000000000001;77.875;0.0;20575.5
2023-03-30;23.8;32.6;0.2;72.58333333333333;0.0;18760.8
2023-03-31;24.1;31.6;5.199999999999999;79.16666666666667;0.0;14669.4
2023-04-01;22.4;31.7;48.0;81.125;0.0;17974.8
2023-04-02;23.2;31.6;0.2;77.54166666666667;0.004166666666666667;20518.3
2023-04-03;22.5;29.2;0.4;79.20833333333333;0.0;13586.3
2023-04-04;23.8;33.0;0.6000000000000001;73.08333333333333;0.0;20590.4
2023-04-05;23.4;32.6;0.0;73.29166666666667;0.0;19773.4
2023-04-06;22.9;31.7;4.6000000000000005;75.70833333333333;0.0;15526.3
2023-04-07;22.7;30.7;1.6;79.79166666666667;0.0;13806.0
2023-04-08;22.9;32.3;26.8;82.16666666666667;0.0;16099.1
2023-04-09;23.6;31.9;0.0;81.33333333333333;0.0;14744.0
2023-04-10;22.6;33.8;15.000000000000002;81.95833333333333;0.008333333333333333;15216.2
2023-04-11;22.5;31.7;0.6000000000000001;83.58333333333333;0.0;14183.6
2023-04-12;22.5;32.8;1.4000000000000001;77.95833333333333;0.0;20511.7
2023-04-13;23.8;32.0;3.0;79.29166666666667;0.0;13768.5
2023-04-14;23.0;33.2;0.0;75.125;0.0;19883.3
2023-04-15;23.7;34.9;0.0;74.16666666666667;0.004166666666666667;22097.7
2023-04-16;24.3;32.2;0.0;74.91666666666667;0.0;17346.1
2023-04-17;23.5;34.5;0.0;74.45833333333333;0.0;20356.5
2023-04-18;25.2;29.9;0.2;76.75;0.0;9301.1
2023-04-19;24.5;29.2;0.0;79.625;0.0;10366.0
2023-04-20;23.0;33.9;9.8;79.83333333333333;0.0;15790.8
2023-04-21;23.0;33.1;0.0;76.29166666666667;0.0;19098.9
2023-04-22;22.6;33.4;0.0;77.0;0.008333333333333333;15570.0
2023-04-23;21.1;33.5;5.6;72.20833333333333;0.03333333333333333;21316.0
2023-04-24;21.1;33.7;0.0;71.25;0.0;20172.7
2023-04-25;22.2;32.1;0.0;74.375;0.0;15006.2
2023-04-26;20.3;34.6;0.0;69.66666666666667;0.0;22902.8
2023-04-27;24.5;34.3;0.2;71.95833333333333;0.004166666666666667;19464.8
2023-04-28;23.3;34.8;0.0;69.54166666666667;0.0;20971.9
2023-04-29;23.2;34.0;0.2;73.08333333333333;0.0;15648.9
2023-04-30;22.7;35.0;0.0;75.66666666666667;0.008333333333333333;19054.2
2023-05-01;23.7;32.6;0.0;76.25;0.004166666666666667;15446.699999999999
2023-05-02;23.3;33.0;0.0;75.66666666666667;0.0;17781.4
2023-05-03;24.0;31.6;5.2;79.0;0.008333333333333333;14972.1
2023-05-04;22.9;33.9;2.0;77.16666666666667;0.0;17145.6
2023-05-05;23.5;33.6;7.2;78.75;0.07083333333333335;15907.9
2023-05-06;22.2;33.7;0.2;76.95833333333333;0.03333333333333333;18441.9
2023-05-07;23.8;34.2;0.2;72.58333333333333;0.0;19744.5
2023-05-08;22.2;34.4;0.0;69.20833333333333;0.004166666666666667;20089.5
2023-05-09;22.0;35.0;0.0;67.20833333333333;0.0;18948.5
2023-05-10;22.5;35.3;0.0;67.25;0.0;18094.9
2023-05-11;23.9;32.5;11.6;76.58333333333333;0.0;11115.2
2023-05-12;24.0;33.1;0.0;76.04166666666667;0.0;17319.3
2023-05-13;23.5;33.6;0.0;74.75;0.0;17100.5
2023-05-14;23.9;33.1;4.2;78.08333333333333;0.008333333333333333;12952.5
2023-05-15;24.2;31.2;0.4;80.58333333333333;0.0;10143.5
2023-05-16;23.8;30.1;0.0;82.58333333333333;0.0;10394.8
2023-05-17;25.0;32.5;0.2;79.875;0.012499999999999999;12436.1
2023-05-18;23.3;30.0;0.0;80.75;0.004166666666666667;8526.2
2023-05-19;22.7;34.1;0.4;75.58333333333333;0.0;18017.9
2023-05-20;22.8;33.5;0.0;71.91666666666667;0.008333333333333333;16511.4
2023-05-21;24.7;33.6;0.0;66.875;0.004166666666666667;18827.4
2023-05-22;22.7;34.2;0.0;66.83333333333333;0.012499999999999999;20055.7
2023-05-23;22.4;34.7;0.0;66.79166666666667;0.016666666666666666;19198.8
2023-05-24;22.4;34.3;0.0;67.875;0.020833333333333332;18443.3
2023-05-25;22.6;33.5;0.0;69.33333333333333;0.024999999999999998;16680.3
2023-05-26;21.7;34.7;0.0;65.41666666666667;0.125;19206.7
2023-05-27;22.3;34.4;0.0;67.5;0.012500000000000002;17808.4
2023-05-28;22.4;35.4;0.0;67.83333333333333;0.0;17990.0
2023-05-29;23.1;34.5;0.0;66.16666666666667;0.012500000000000002;18079.4
2023-05-30;23.0;34.9;0.0;66.20833333333333;0.004166666666666667;17638.7
2023-05-31;23.6;33.9;0.0;66.20833333333333;0.008333333333333333;17031.7
2023-06-01;21.1;35.7;0.0;64.29166666666667;0.0;19187.399999999998
2023-06-02;21.8;35.5;0.0;65.875;0.012500000000000002;16377.8
2023-06-03;22.4;35.2;0.0;65.20833333333333;0.025000000000000005;18336.0
2023-06-04;22.1;34.8;0.0;64.08333333333333;0.016666666666666666;18663.8
2023-06-05;20.5;34.5;0.0;62.625;0.016666666666666666;16973.6
2023-06-06;20.2;34.7;0.0;62.75;0.0;19148.100000000002
2023-06-07;21.7;34.2;0.0;65.375;0.004166666666666667;16737.0
2023-06-08;20.7;34.8;0.0;64.70833333333333;0.029166666666666664;17801.5
2023-06-09;21.4;35.2;0.0;65.33333333333333;0.004166666666666667;16668.8
2023-06-10;21.5;34.5;0.0;66.20833333333333;0.004166666666666667;17433.1
2023-06-11;22.0;34.1;1.4;71.75;0.03333333333333333;15820.6
2023-06-12;22.0;34.4;0.2;69.33333333333333;0.004166666666666667;18530.5
2023-06-13;21.0;34.3;0.0;65.45833333333333;0.0;18376.1
2023-06-14;21.2;34.7;0.0;64.83333333333333;0.008333333333333333;18257.600000000002
2023-06-15;21.0;35.4;0.0;61.541666666666664;0.0;19335.6
2023-06-16;23.9;35.5;0.0;60.25;0.0;16638.9
2023-06-17;24.1;34.0;0.0;61.416666666666664;0.004166666666666667;14160.0
2023-06-18;21.3;35.2;0.0;64.29166666666667;0.0;17148.3
2023-06-19;21.8;33.2;0.0;65.83333333333333;0.0;16541.5
2023-06-20;23.0;34.1;0.0;63.125;0.016666666666666666;17225.0
2023-06-21;21.7;34.4;0.0;61.625;0.004166666666666667;17706.4
2023-06-22;20.9;34.3;0.0;61.166666666666664;0.07916666666666666;18010.0
2023-06-23;20.3;34.8;0.0;56.708333333333336;0.020833333333333332;19343.399999999998
2023-06-24;19.3;34.6;0.0;58.208333333333336;0.041666666666666664;17501.0
2023-06-25;21.1;34.6;0.0;58.166666666666664;0.012500000000000002;17279.7
2023-06-26;20.7;35.2;0.0;57.333333333333336;0.004166666666666667;18719.600000000002
2023-06-27;20.6;35.0;0.0;56.666666666666664;0.049999999999999996;18590.1
2023-06-28;20.5;35.4;0.0;58.875;0.0;16615.2
2023-06-29;22.0;35.4;0.0;59.083333333333336;0.012499999999999999;17859.7
2023-06-30;20.9;35.4;0.0;58.583333333333336;0.0;17240.2
2023-07-01;21.6;34.6;0.0;60.083333333333336;0.004166666666666667;16387.1
2023-07-02;20.2;34.6;0.0;59.916666666666664;0.008333333333333333;16439.7
2023-07-03;20.0;36.1;0.0;60.083333333333336;0.0;18124.6
2023-07-04;20.3;35.7;0.0;60.541666666666664;0.008333333333333333;17090.100000000002
2023-07-05;21.3;35.1;0.0;56.291666666666664;0.016666666666666666;17463.7
2023-07-06;19.0;34.7;0.0;55.166666666666664;0.008333333333333333;18940.4
2023-07-07;19.8;34.8;0.0;59.25;0.0;15431.1
2023-07-08;20.3;34.4;0.0;63.583333333333336;0.004166666666666667;14652.5
2023-07-09;21.2;36.1;0.0;62.791666666666664;0.0;13645.7
2023-07-10;22.4;35.9;0.0;66.25;0.0;13812.0
2023-07-11;22.0;35.3;0.0;65.58333333333333;0.0;14857.0
2023-07-12;21.1;35.9;0.0;61.0;0.008333333333333333;13158.3
2023-07-13;22.1;34.8;0.0;61.333333333333336;0.0;13594.1
2023-07-14;21.9;36.3;0.0;61.625;0.0;17103.600000000002
2023-07-15;22.9;35.0;0.0;61.916666666666664;0.0;15447.2
2023-07-16;20.7;35.1;0.0;59.291666666666664;0.008333333333333333;14339.9
2023-07-17;19.1;36.2;0.0;55.75;0.041666666666666664;16544.5
2023-07-18;18.7;35.5;0.0;52.25;0.041666666666666664;17144.5
2023-07-19;19.2;36.0;0.0;52.916666666666664;0.012500000000000002;17420.0
2023-07-20;19.4;35.7;0.0;51.208333333333336;0.17916666666666667;16886.8
2023-07-21;16.5;34.7;0.0;45.166666666666664;0.012500000000000002;18118.5
2023-07-22;18.1;34.9;0.0;49.041666666666664;0.05833333333333334;18072.5
2023-07-23;16.9;35.2;0.0;49.791666666666664;0.04583333333333334;18385.3
2023-07-24;17.4;35.3;0.0;51.416666666666664;0.004166666666666667;18225.6
2023-07-25;19.1;36.0;0.0;50.166666666666664;0.004166666666666667;19021.6
2023-07-26;18.2;36.0;0.0;53.166666666666664;0.0;19243.4
2023-07-27;19.5;36.1;0.0;53.833333333333336;0.008333333333333333;18375.399999999998
2023-07-28;20.1;35.7;0.0;55.625;0.012500000000000002;17850.4
2023-07-29;19.6;37.1;0.0;53.958333333333336;0.004166666666666667;16706.5
2023-07-30;20.5;36.2;0.0;55.5;0.0;18970.1
2023-07-31;21.7;35.8;0.0;59.833333333333336;0.008333333333333333;15332.4
2023-08-01;20.6;36.5;0.0;53.458333333333336;0.024999999999999998;19818.899999999998
2023-08-02;18.9;36.3;0.0;51.208333333333336;0.004166666666666667;17941.3
2023-08-03;19.1;36.6;0.0;51.416666666666664;0.004166666666666667;18686.3
2023-08-04;21.8;36.9;0.0;53.458333333333336;0.012499999999999999;18712.2
2023-08-05;24.0;36.0;0.0;56.958333333333336;0.012500000000000002;13696.7
2023-08-06;20.8;37.3;0.0;54.875;0.008333333333333333;19623.4
2023-08-07;21.1;36.7;0.0;55.541666666666664;0.020833333333333332;18056.4
2023-08-08;21.5;37.0;0.0;54.75;0.012499999999999999;18444.6
2023-08-09;23.7;36.0;0.0;56.625;0.0;16661.7
2023-08-10;21.1;36.1;0.0;53.25;0.004166666666666667;17153.3
2023-08-11;20.1;37.3;0.0;49.541666666666664;0.041666666666666664;20216.399999999998
2023-08-12;19.1;37.3;0.0;48.0;0.008333333333333333;18847.5
2023-08-13;19.5;36.4;0.0;51.416666666666664;0.020833333333333332;20067.5
2023-08-14;18.4;36.4;0.0;49.583333333333336;0.03333333333333333;20534.9
2023-08-15;17.3;36.9;0.0;45.166666666666664;0.17083333333333336;20324.9
2023-08-16;18.0;36.7;0.0;45.708333333333336;0.049999999999999996;20545.0
2023-08-17;20.0;37.8;0.0;46.208333333333336;0.15416666666666667;21198.7
2023-08-18;19.4;37.8;0.0;43.0;0.04583333333333334;21213.9
2023-08-19;19.8;37.4;0.0;50.75;0.008333333333333333;20482.3
2023-08-20;20.9;36.9;0.0;53.75;0.008333333333333333;17714.5
2023-08-21;20.1;37.4;0.0;55.291666666666664;0.0;19388.4
2023-08-22;25.3;36.7;0.0;56.416666666666664;0.0;14553.7
2023-08-23;24.8;35.8;0.0;56.958333333333336;0.012500000000000002;13027.0
2023-08-24;21.1;37.3;0.0;52.333333333333336;0.0;19494.2
2023-08-25;24.1;36.8;0.0;49.0;0.012500000000000002;17770.7
2023-08-26;23.8;36.0;0.0;52.958333333333336;0.004166666666666667;17529.4
2023-08-27;21.6;36.5;0.0;57.666666666666664;0.0;16939.6
2023-08-28;23.1;37.5;0.0;53.958333333333336;0.0;18563.1
2023-08-29;23.1;37.4;0.4;54.625;0.0;18584.5
2023-08-30;23.2;36.2;0.0;58.208333333333336;0.0;17420.0
2023-08-31;22.9;35.9;0.0;60.833333333333336;0.0;16105.4
2023-09-01;24.0;34.8;0.0;60.916666666666664;0.004166666666666667;17022.2
2023-09-02;23.3;32.9;0.0;64.375;0.03333333333333333;13036.300000000001
2023-09-03;21.6;36.6;0.0;60.583333333333336;0.0;17209.7
2023-09-04;22.6;38.0;0.0;49.291666666666664;0.012500000000000002;19785.1
2023-09-05;22.6;38.1;0.0;48.833333333333336;0.03333333333333333;21626.2
2023-09-06;21.8;35.6;3.0;57.916666666666664;0.0;17644.9
2023-09-07;23.9;36.6;0.0;60.083333333333336;0.020833333333333332;18746.2
2023-09-08;20.5;36.6;0.0;53.125;0.041666666666666664;19458.8
2023-09-09;20.2;38.3;0.0;50.458333333333336;0.0375;21390.899999999998
2023-09-10;23.1;38.8;0.0;45.041666666666664;0.05416666666666667;20881.8
2023-09-11;21.0;38.1;0.0;47.875;0.012499999999999999;18775.5
2023-09-12;23.7;37.4;0.0;47.458333333333336;0.024999999999999998;18580.5
2023-09-13;20.8;39.4;0.0;45.541666666666664;0.16666666666666666;22802.9
2023-09-14;22.0;35.9;0.0;51.833333333333336;0.016666666666666666;15670.6
2023-09-15;23.1;38.5;0.0;51.458333333333336;0.016666666666666666;21504.6
2023-09-16;24.9;37.4;0.0;50.208333333333336;0.008333333333333333;16492.8
2023-09-17;24.7;37.6;0.0;49.458333333333336;0.016666666666666666;20057.0
2023-09-18;22.2;37.3;0.0;48.61904761904762;0.0;16754.600000000002
2023-09-19;22.8;38.2;0.0;47.458333333333336;0.0;19979.5
2023-09-20;23.4;37.4;1.4;56.875;0.004166666666666667;20351.8
2023-09-21;24.1;38.8;0.0;49.458333333333336;0.004166666666666667;20167.399999999998
2023-09-22;24.9;38.3;0.0;47.0;0.0;19673.100000000002
2023-09-23;25.4;37.9;0.0;48.666666666666664;0.004166666666666667;20349.9
2023-09-24;24.8;38.6;0.0;54.0;0.0;20570.9
2023-09-25;24.4;39.0;0.0;50.375;0.008333333333333333;21548.5
2023-09-26;25.8;35.8;0.0;51.333333333333336;0.025000000000000005;17596.9
2023-09-27;24.9;38.1;0.2;51.833333333333336;0.0;20798.0
2023-09-28;25.3;36.6;0.0;56.291666666666664;0.0;16202.0
2023-09-29;24.6;38.4;0.0;53.541666666666664;0.0;22102.6
2023-09-30;23.9;37.4;0.0;47.125;0.008333333333333333;19668.3
2023-10-01;25.6;38.0;0.0;49.375;0.008333333333333333;20266.8
2023-10-02;26.4;38.5;0.0;48.5;0.0;19151.8
2023-10-03;26.5;39.6;0.0;47.833333333333336;0.020833333333333332;19907.2
2023-10-04;25.3;36.8;0.0;48.416666666666664;0.0;18539.4
2023-10-05;24.1;37.5;0.0;51.333333333333336;0.0;19517.399999999998
2023-10-06;25.7;36.5;0.0;53.916666666666664;0.008333333333333333;19020.6
2023-10-07;23.3;35.2;0.0;56.666666666666664;0.0;14989.0
2023-10-08;23.6;34.4;0.0;61.625;0.029166666666666664;13537.6
2023-10-09;23.0;35.7;0.0;64.83333333333333;0.004166666666666667;14643.5
2023-10-10;23.4;36.2;0.0;59.083333333333336;0.004166666666666667;14748.2
2023-10-11;24.3;34.5;0.0;59.458333333333336;0.004166666666666667;15004.3
2023-10-12;24.8;36.9;0.0;55.583333333333336;0.0;18778.2
2023-10-13;24.1;38.1;0.0;53.916666666666664;0.004166666666666667;20952.3
2023-10-14;23.9;38.0;12.8;62.0;0.0;18629.8
2023-10-15;22.7;36.8;0.0;58.25;0.016666666666666666;19973.1
2023-10-16;23.0;35.6;9.0;66.41666666666667;0.004166666666666667;19198.0
2023-10-17;23.8;35.4;2.6;67.83333333333333;0.0;16450.3
2023-10-18;22.5;36.8;0.0;64.375;0.0;21480.0
2023-10-19;24.1;37.7;0.0;50.166666666666664;0.0;24058.4
2023-10-20;25.0;38.2;0.0;49.875;0.004166666666666667;20967.2
2023-10-21;24.5;36.0;0.0;56.041666666666664;0.0;19920.1
2023-10-22;26.2;35.7;0.0;57.333333333333336;0.0;13850.4
2023-10-23;26.3;36.5;0.0;54.916666666666664;0.004166666666666667;16558.600000000002
2023-10-24;23.8;29.3;25.2;74.83333333333333;0.004166666666666667;9459.5
2023-10-25;23.9;35.3;0.0;71.5;0.004166666666666667;19260.8
2023-10-26;25.3;37.5;0.0;53.458333333333336;0.0;23395.7
2023-10-27;24.4;37.0;0.0;53.291666666666664;0.0;23467.3
2023-10-28;26.2;36.8;0.0;51.625;0.004166666666666667;20157.1
2023-10-29;26.9;35.5;0.0;55.541666666666664;0.004166666666666667;17672.8
2023-10-30;24.1;36.6;0.0;59.0;0.016666666666666666;19431.5
2023-10-31;24.2;37.5;0.2;61.166666666666664;0.004166666666666667;23381.0
2023-11-01;26.1;33.2;0.0;57.041666666666664;0.0;13364.300000000001
2023-11-02;23.7;37.7;0.0;56.458333333333336;0.0;22116.1
2023-11-03;25.2;35.7;0.0;56.375;0.04583333333333334;18790.1
2023-11-04;24.2;36.0;0.0;60.041666666666664;0.049999999999999996;17176.7
2023-11-05;22.6;35.7;0.2;67.29166666666667;0.0;19487.0
2023-11-06;22.4;30.9;0.2;74.29166666666667;0.020833333333333332;7987.9
2023-11-07;22.9;34.1;0.2;74.25;0.004166666666666667;19652.3
2023-11-08;22.0;29.1;0.4;78.5;0.008333333333333333;8425.300000000001
2023-11-09;23.2;34.2;0.8;75.25;0.0;19744.2
2023-11-10;24.9;35.1;0.6000000000000001;66.625;0.0;18030.8
2023-11-11;24.8;34.7;1.2000000000000002;60.875;0.016666666666666666;19192.9
2023-11-12;23.3;35.5;2.8000000000000003;63.0;0.0;21786.4
2023-11-13;24.7;35.9;1.8;58.541666666666664;0.0;22810.7
2023-11-14;23.9;35.9;0.4;62.208333333333336;0.0;22580.8
2023-11-15;24.6;35.6;0.0;61.083333333333336;0.004166666666666667;19839.100000000002
2023-11-16;25.6;35.0;0.0;60.916666666666664;0.0;17079.9
2023-11-17;24.2;35.0;0.0;60.458333333333336;0.0;18937.9
2023-11-18;25.5;36.3;0.0;60.083333333333336;0.0;19091.8
2023-11-19;26.5;35.9;0.0;56.875;0.0;20214.8
2023-11-20;24.3;35.6;0.0;62.25;0.041666666666666664;18212.8
2023-11-21;25.5;37.1;0.0;58.208333333333336;0.004166666666666667;22611.7
2023-11-22;23.8;34.5;0.0;70.45833333333333;0.020833333333333332;18715.8
2023-11-23;22.4;30.9;0.0;79.08333333333333;0.0;15049.8
2023-11-24;22.9;34.8;0.0;71.875;0.0;19626.9
2023-11-25;23.4;34.9;0.0;67.20833333333333;0.0;20455.4
2023-11-26;24.3;34.8;0.4;66.20833333333333;0.0;20411.7
2023-11-27;23.7;34.2;0.4;63.0;0.0;17334.8
2023-11-28;22.7;35.0;0.8;64.91666666666667;0.0;18425.9
2023-11-29;23.0;35.7;0.2;66.875;0.0;19455.1
2023-11-30;24.4;35.4;0.0;67.95833333333333;0.0;23232.5
2023-12-01;23.9;35.0;0.0;66.08333333333333;0.0;17927.4
2023-12-02;25.2;35.1;0.0;62.083333333333336;0.0;18377.9
2023-12-03;23.9;34.7;0.0;62.916666666666664;0.008333333333333333;17433.0
2023-12-04;21.0;32.4;0.0;75.04166666666667;0.0;15194.1
2023-12-05;21.4;33.3;0.0;73.33333333333333;0.0;19215.6
2023-12-06;23.6;29.9;0.0;77.45833333333333;0.004166666666666667;9223.1
2023-12-07;23.7;33.6;0.0;73.625;0.0;20500.2
2023-12-08;24.4;34.3;0.0;68.75;0.0;17581.6
2023-12-09;24.7;34.8;0.0;68.20833333333333;0.0;18608.899999999998
2023-12-10;23.4;32.3;0.0;72.0;0.05416666666666667;10625.9
2023-12-11;22.3;32.3;0.0;75.41666666666667;0.0;13351.4
2023-12-12;22.7;35.3;0.0;68.91666666666667;0.0;19395.9
2023-12-13;23.8;34.7;0.0;67.91666666666667;0.0;16432.0
2023-12-14;24.7;32.5;0.0;71.20833333333333;0.012499999999999999;11535.0
2023-12-15;24.4;32.9;0.0;74.125;0.0;10992.9
2023-12-16;24.2;36.7;0.0;65.45833333333333;0.004166666666666667;18565.5
2023-12-17;24.7;35.3;0.0;64.33333333333333;0.012499999999999999;16580.8
2023-12-18;21.9;31.4;0.0;78.45833333333333;0.004166666666666667;14010.6
2023-12-19;23.7;33.6;0.0;71.875;0.0;20111.9
2023-12-20;23.8;31.8;18.8;73.58333333333333;0.0;10588.4
2023-12-21;23.6;34.1;0.2;69.29166666666667;0.004166666666666667;19365.0
2023-12-22;24.4;34.8;0.0;63.125;0.004166666666666667;20005.2
2023-12-23;22.2;36.6;0.0;59.041666666666664;0.0;22487.7
2023-12-24;24.7;37.7;0.0;60.541666666666664;0.008333333333333333;22589.1
2023-12-25;25.2;36.4;0.0;61.291666666666664;0.0;22580.0
2023-12-26;25.2;37.8;0.0;53.875;0.0;24996.6
2023-12-27;24.2;31.8;7.0;74.66666666666667;0.004166666666666667;11317.4
2023-12-28;24.0;33.9;0.0;70.5;0.004166666666666667;16760.8
2023-12-29;24.3;35.7;0.4;69.83333333333333;0.0375;16117.4
2023-12-30;24.9;33.7;0.0;72.375;0.0;13828.2
2023-12-31;23.7;30.1;0.0;72.08333333333333;0.0;9984.2
2024-01-01;23.9;34.2;3.2;74.79166666666667;0.014814814814814815;13927.4
2024-01-02;23.3;27.9;7.6000000000000005;83.04166666666667;0.02962962962962963;6685.5
2024-01-03;23.9;33.9;16.4;79.58333333333333;0.044444444444444446;16650.2
2024-01-04;24.1;33.4;10.4;71.95833333333333;0.05925925925925926;19941.8
2024-01-05;24.2;33.7;0.0;75.58333333333333;0.07407407407407407;18265.7
2024-01-06;24.8;32.7;0.0;74.70833333333333;0.08888888888888889;16550.5
2024-01-07;20.4;32.3;27.2;76.33333333333333;0.1037037037037037;20650.2
2024-01-08;23.7;32.8;0.0;73.95833333333333;0.11851851851851852;19460.100000000002
2024-01-09;23.3;34.4;0.4;70.58333333333333;0.13333333333333333;23009.5
2024-01-10;23.6;34.3;0.0;67.54166666666667;0.14814814814814814;21527.1
2024-01-11;22.7;28.3;67.6;83.54166666666667;0.16296296296296295;3036.8
2024-01-12;23.5;31.1;0.2;82.375;0.17777777777777778;13747.6
2024-01-13;22.0;31.8;3.2;75.25;0.1925925925925926;19464.2
2024-01-14;22.8;33.5;0.0;70.04166666666667;0.2074074074074074;22560.8
2024-01-15;22.9;34.2;12.2;71.54166666666667;0.2222222222222222;20292.6
2024-01-16;23.5;32.5;0.0;76.79166666666667;0.23703703703703705;16989.4
2024-01-17;23.9;31.5;0.4;78.33333333333333;0.2518518518518518;12259.6
2024-01-18;23.1;34.5;0.0;72.91666666666667;0.26666666666666666;22918.6
2024-01-19;23.6;34.1;0.0;71.75;0.2814814814814815;19297.1
2024-01-20;24.0;33.3;0.0;70.5;0.2962962962962963;16701.2
2024-01-21;24.1;34.9;0.0;65.91666666666667;0.3111111111111111;24197.0
2024-01-22;24.7;34.6;16.8;68.875;0.3259259259259259;18542.3
2024-01-23;25.3;34.2;0.0;72.66666666666667;0.34074074074074073;18763.399999999998
2024-01-24;25.1;31.5;0.2;72.375;0.35555555555555557;10769.7
2024-01-25;24.5;29.2;9.2;80.375;0.37037037037037035;9509.1
2024-01-26;24.2;34.2;0.0;77.45833333333333;0.3851851851851852;18701.4
2024-01-27;21.0;31.4;70.2;83.16666666666667;0.4;11701.2
2024-01-28;23.3;31.0;43.4;84.875;0.4148148148148148;12055.4
2024-01-29;23.6;31.0;10.6;83.54166666666667;0.42962962962962964;13948.6
2024-01-30;23.6;33.3;1.4000000000000001;78.375;0.4444444444444444;20150.399999999998
2024-01-31;23.2;33.8;0.0;72.83333333333333;0.45925925925925926;18960.4
2024-02-01;23.2;32.4;40.8;75.875;0.4740740740740741;15330.1
2024-02-02;23.3;29.4;3.2;83.54166666666667;0.4888888888888889;10118.9
2024-02-03;23.4;30.4;39.2;83.16666666666667;0.5037037037037037;13625.800000000001
2024-02-04;23.0;33.9;0.0;77.04166666666667;0.5185185185185185;20551.4
2024-02-05;22.9;31.6;5.8;81.5;0.5333333333333333;13539.3
2024-02-06;23.5;33.2;1.0;78.58333333333333;0.5481481481481482;20365.1
2024-02-07;23.5;32.8;0.0;82.625;0.562962962962963;10100.4
2024-02-08;23.536363636363635;32.819786096256685;0.0;82.40708556149733;0.5777777777777777;0.0
2024-02-09;23.572727272727274;32.839572192513366;0.0;82.18917112299465;0.5925925925925926;0.0
2024-02-10;23.60909090909091;32.85935828877005;0.0;81.97125668449198;0.6074074074074074;0.0
2024-02-11;23.645454545454545;32.879144385026734;0.0;81.7533422459893;0.6222222222222222;0.0
2024-02-12;23.681818181818183;32.89893048128342;0.0;81.53542780748663;0.6370370370370371;0.0
2024-02-13;23.71818181818182;32.9187165775401;0.0;81.31751336898395;0.6518518518518518;0.0
2024-02-14;23.754545454545454;32.93850267379679;0.0;81.09959893048128;0.6666666666666666;0.0
2024-02-15;23.79090909090909;32.95828877005347;0.0;80.8816844919786;0.6814814814814815;0.0
2024-02-16;23.827272727272728;32.97807486631016;0.0;80.66377005347593;0.6962962962962963;0.0
2024-02-17;23.863636363636363;32.99786096256684;0.0;80.44585561497327;0.7111111111111111;0.0
2024-02-18;23.9;33.01764705882353;0.0;80.2279411764706;0.725925925925926;0.0
2024-02-19;23.936363636363637;33.03743315508021;0.0;80.01002673796792;0.7407407407407407;0.0
2024-02-20;23.972727272727273;33.057219251336896;0.0;79.79211229946524;0.7555555555555555;0.0
2024-02-21;24.009090909090908;33.07700534759358;0.0;79.57419786096257;0.7703703703703704;0.0
2024-02-22;24.045454545454547;33.096791443850265;0.0;79.3562834224599;0.7851851851851852;0.0
2024-02-23;24.081818181818182;33.11657754010695;0.0;79.13836898395722;0.8;0.0
2024-02-24;24.118181818181817;33.13636363636363;0.0;78.92045454545455;0.8148148148148148;0.0
2024-02-25;24.154545454545456;33.15614973262032;0.0;78.70254010695187;0.8296296296296296;0.0
2024-02-26;24.19090909090909;33.175935828877;0.0;78.4846256684492;0.8444444444444444;0.0
2024-02-27;24.227272727272727;33.19572192513369;0.0;78.26671122994652;0.8592592592592593;0.0
2024-02-28;24.263636363636365;33.21550802139037;0.0;78.04879679144385;0.8740740740740741;0.0
2024-02-29;24.3;33.23529411764706;0.0;77.83088235294117;0.8888888888888888;0.0
2024-03-01;24.336363636363636;33.25508021390374;0.0;77.6129679144385;0.9037037037037037;0.0
2024-03-02;24.37272727272727;33.27486631016043;0.0;77.39505347593582;0.9185185185185185;0.0
2024-03-03;24.40909090909091;33.29465240641711;0.0;77.17713903743315;0.9333333333333333;0.0
2024-03-04;24.445454545454545;33.314438502673795;0.0;76.95922459893048;0.9481481481481482;0.0
2024-03-05;24.48181818181818;33.334224598930476;0.0;76.7413101604278;0.9629629629629629;0.0
2024-03-06;24.51818181818182;33.35401069518716;0.0;76.52339572192514;0.9777777777777777;0.0
2024-03-07;24.554545454545455;33.37379679144385;0.0;76.30548128342247;0.9925925925925926;0.0
2024-03-08;24.59090909090909;33.39358288770053;0.0;76.08756684491979;1.0074074074074073;0.0
2024-03-09;24.62727272727273;33.41336898395722;0.0;75.86965240641712;1.0222222222222221;0.0
2024-03-10;24.663636363636364;33.4331550802139;0.0;75.65173796791444;1.037037037037037;0.0
2024-03-11;24.7;33.45294117647059;0.0;75.43382352941177;1.0518518518518518;0.0
2024-03-12;24.736363636363638;33.47272727272727;0.0;75.2159090909091;1.0666666666666667;0.0
2024-03-13;24.772727272727273;33.49251336898396;0.0;74.99799465240642;1.0814814814814815;0.0
2024-03-14;24.80909090909091;33.51229946524064;0.0;74.78008021390374;1.0962962962962963;0.0
2024-03-15;24.845454545454544;33.532085561497325;0.0;74.56216577540107;1.1111111111111112;0.0
2024-03-16;24.881818181818183;33.551871657754006;0.0;74.3442513368984;1.125925925925926;0.0
2024-03-17;24.918181818181818;33.571657754010694;0.0;74.12633689839572;1.1407407407407408;0.0
2024-03-18;24.954545454545453;33.591443850267375;0.0;73.90842245989305;1.1555555555555554;0.0
2024-03-19;24.990909090909092;33.61122994652406;0.0;73.69050802139037;1.1703703703703703;0.0
2024-03-20;25.027272727272727;33.63101604278074;0.0;73.4725935828877;1.1851851851851851;0.0
2024-03-21;25.063636363636363;33.65080213903743;0.0;73.25467914438502;1.2;0.0
2024-03-22;25.1;33.67058823529412;0.0;73.03676470588235;1.2148148148148148;0.0
2024-03-23;25.136363636363637;33.6903743315508;0.0;72.81885026737967;1.2296296296296296;0.0
2024-03-24;25.172727272727272;33.71016042780749;0.0;72.600935828877;1.2444444444444445;0.0
2024-03-25;25.20909090909091;33.72994652406417;0.0;72.38302139037432;1.2592592592592593;0.0
2024-03-26;25.245454545454546;33.749732620320856;0.0;72.16510695187166;1.2740740740740741;0.0
2024-03-27;25.28181818181818;33.76951871657754;0.0;71.94719251336899;1.288888888888889;0.0
2024-03-28;25.31818181818182;33.789304812834224;0.0;71.72927807486631;1.3037037037037036;0.0
2024-03-29;25.354545454545455;33.809090909090905;0.0;71.51136363636364;1.3185185185185184;0.0
2024-03-30;25.39090909090909;33.82887700534759;0.0;71.29344919786097;1.3333333333333333;0.0
2024-03-31;25.427272727272726;33.848663101604274;0.0;71.07553475935829;1.348148148148148;0.0
2024-04-01;25.463636363636365;33.86844919786096;0.0;70.85762032085562;1.362962962962963;0.0
2024-04-02;25.5;33.88823529411764;0.0;70.63970588235294;1.3777777777777778;0.0
2024-04-03;25.536363636363635;33.90802139037433;0.0;70.42179144385027;1.3925925925925926;0.0
2024-04-04;25.572727272727274;33.92780748663101;0.0;70.2038770053476;1.4074074074074074;0.0
2024-04-05;25.60909090909091;33.9475935828877;0.0;69.98596256684492;1.4222222222222223;0.0
2024-04-06;25.645454545454545;33.967379679144386;0.0;69.76804812834224;1.4370370370370371;0.0
2024-04-07;25.681818181818183;33.98716577540107;0.0;69.55013368983957;1.451851851851852;0.0
2024-04-08;25.71818181818182;34.006951871657755;0.0;69.3322192513369;1.4666666666666666;0.0
2024-04-09;25.754545454545454;34.026737967914436;0.0;69.11430481283422;1.4814814814814814;0.0
2024-04-10;25.79090909090909;34.04652406417112;0.0;68.89639037433155;1.4962962962962962;0.0
2024-04-11;25.827272727272728;34.066310160427804;0.0;68.67847593582887;1.511111111111111;0.0
2024-04-12;25.863636363636363;34.08609625668449;0.0;68.46056149732621;1.525925925925926;0.0
2024-04-13;25.9;34.10588235294117;0.0;68.24264705882354;1.5407407407407407;0.0
2024-04-14;25.936363636363637;34.12566844919786;0.0;68.02473262032086;1.5555555555555556;0.0
2024-04-15;25.972727272727273;34.14545454545454;0.0;67.80681818181819;1.5703703703703704;0.0
2024-04-16;26.009090909090908;34.16524064171123;0.0;67.58890374331551;1.5851851851851853;0.0
2024-04-17;26.045454545454547;34.18502673796791;0.0;67.37098930481284;1.6;0.0
2024-04-18;26.081818181818182;34.2048128342246;0.0;67.15307486631016;1.6148148148148147;0.0
2024-04-19;26.118181818181817;34.22459893048128;0.0;66.93516042780749;1.6296296296296295;0.0
2024-04-20;26.154545454545456;34.244385026737966;0.0;66.71724598930481;1.6444444444444444;0.0
2024-04-21;26.19090909090909;34.264171122994654;0.0;66.49933155080214;1.6592592592592592;0.0
2024-04-22;26.227272727272727;34.283957219251334;0.0;66.28141711229947;1.674074074074074;0.0
2024-04-23;26.263636363636365;34.30374331550802;0.0;66.06350267379679;1.6888888888888889;0.0
2024-04-24;26.3;34.3235294117647;0.0;65.84558823529412;1.7037037037037037;0.0
2024-04-25;26.336363636363636;34.34331550802139;0.0;65.62767379679144;1.7185185185185186;0.0
2024-04-26;26.372727272727275;34.36310160427807;0.0;65.40975935828877;1.7333333333333334;0.0
2024-04-27;26.40909090909091;34.38288770053476;0.0;65.19184491978609;1.7481481481481482;0.0
2024-04-28;26.445454545454545;34.40267379679144;0.0;64.97393048128342;1.7629629629629628;0.0
2024-04-29;26.48181818181818;34.42245989304813;0.0;64.75601604278074;1.7777777777777777;0.0
2024-04-30;26.51818181818182;34.44224598930481;0.0;64.53810160427807;1.7925925925925925;0.0
2024-05-01;26.554545454545455;34.462032085561496;0.0;64.3201871657754;1.8074074074074074;0.0
2024-05-02;26.59090909090909;34.48181818181818;0.0;64.10227272727272;1.8222222222222222;0.0
2024-05-03;26.62727272727273;34.501604278074865;0.0;63.88435828877005;1.837037037037037;0.0
2024-05-04;26.663636363636364;34.521390374331546;0.0;63.666443850267385;1.8518518518518519;0.0
2024-05-05;26.7;34.54117647058823;0.0;63.44852941176471;1.8666666666666667;0.0
2024-05-06;26.736363636363638;34.56096256684492;0.0;63.230614973262036;1.8814814814814815;0.0
2024-05-07;26.772727272727273;34.5807486631016;0.0;63.01270053475936;1.8962962962962964;0.0
2024-05-08;26.80909090909091;34.60053475935829;0.0;62.794786096256686;1.9111111111111112;536.3000000000001
2024-05-09;26.845454545454544;34.62032085561497;0.0;62.57687165775401;1.9259259259259258;1542.5
2024-05-10;26.881818181818183;34.64010695187166;0.0;62.35895721925134;1.9407407407407407;1414.3000000000002
2024-05-11;26.918181818181818;34.65989304812834;0.0;62.14104278074866;1.9555555555555555;4161.6
2024-05-12;26.954545454545453;34.67967914438503;0.0;61.92312834224599;1.9703703703703703;20101.100000000002
2024-05-13;26.990909090909092;34.69946524064171;3.0;61.705213903743314;1.9851851851851852;16182.3
2024-05-14;27.027272727272727;34.719251336898395;0.0;61.48729946524064;2.0;18388.600000000002
2024-05-15;27.063636363636363;34.739037433155076;0.0;61.269385026737964;2.0148148148148146;18299.7
2024-05-16;27.1;34.758823529411764;0.0;61.05147058823529;2.0296296296296297;15447.2
2024-05-17;27.136363636363637;34.778609625668444;0.0;60.833556149732615;2.0444444444444443;18781.9
2024-05-18;27.172727272727272;34.79839572192513;0.0;60.61564171122995;2.0592592592592593;17287.8
2024-05-19;27.20909090909091;34.81818181818182;0.0;60.39772727272727;2.074074074074074;15805.5
2024-05-20;27.245454545454546;34.8379679144385;15.8;60.1798128342246;2.088888888888889;16266.4
2024-05-21;27.28181818181818;34.85775401069519;0.0;59.961898395721924;2.1037037037037036;14303.699999999999
2024-05-22;27.31818181818182;34.87754010695187;0.0;59.74398395721925;2.1185185185185187;19435.8
2024-05-23;27.354545454545455;34.89732620320856;0.0;59.52606951871658;2.1333333333333333;17381.399999999998
2024-05-24;27.39090909090909;34.91711229946524;0.0;59.30815508021391;2.148148148148148;18824.8
2024-05-25;27.42727272727273;34.936898395721926;0.0;59.09024064171123;2.162962962962963;18589.5
2024-05-26;27.463636363636365;34.956684491978606;0.0;58.87232620320856;2.1777777777777776;16815.600000000002
2024-05-27;27.5;34.976470588235294;0.0;58.654411764705884;2.1925925925925926;17274.7
2024-05-28;27.53636363636364;34.996256684491975;0.0;58.43649732620321;2.2074074074074073;18007.9
2024-05-29;27.572727272727274;35.01604278074866;0.0;58.218582887700535;2.2222222222222223;19012.2
2024-05-30;27.60909090909091;35.03582887700534;0.0;58.00066844919786;2.237037037037037;15763.7
2024-05-31;27.645454545454545;35.05561497326203;0.0;57.782754010695186;2.251851851851852;16357.2
2024-06-01;27.681818181818183;35.07540106951872;0.0;57.56483957219251;2.2666666666666666;17052.6
2024-06-02;27.71818181818182;35.0951871657754;0.0;57.34692513368984;2.2814814814814817;19144.0
2024-06-03;27.754545454545454;35.11497326203209;0.0;57.12901069518716;2.2962962962962963;15046.3
2024-06-04;27.79090909090909;35.13475935828877;0.0;56.91109625668449;2.311111111111111;17383.3
2024-06-05;27.827272727272728;35.154545454545456;0.0;56.69318181818181;2.325925925925926;18478.7
2024-06-06;27.863636363636363;35.17433155080214;0.0;56.475267379679146;2.3407407407407406;15790.7
2024-06-07;27.9;35.194117647058825;0.0;56.25735294117647;2.3555555555555556;18351.5
2024-06-08;27.936363636363637;35.213903743315505;0.0;56.0394385026738;2.3703703703703702;16538.100000000002
2024-06-09;27.972727272727273;35.23368983957219;0.0;55.82152406417112;2.3851851851851853;18160.600000000002
2024-06-10;28.009090909090908;35.253475935828874;0.0;55.603609625668454;2.4;18601.8
2024-06-11;28.045454545454547;35.27326203208556;0.0;55.38569518716578;2.414814814814815;18098.8
2024-06-12;28.081818181818182;35.29304812834224;0.0;55.167780748663105;2.4296296296296296;18709.7
2024-06-13;28.118181818181817;35.31283422459893;0.0;54.94986631016043;2.4444444444444446;17261.3
2024-06-14;28.154545454545456;35.33262032085561;0.0;54.731951871657756;2.4592592592592593;18460.9
2024-06-15;28.19090909090909;35.3524064171123;0.0;54.51403743315508;2.474074074074074;18520.3
2024-06-16;28.227272727272727;35.37219251336899;0.0;54.29612299465241;2.488888888888889;16018.6
2024-06-17;28.263636363636365;35.39197860962567;0.0;54.07820855614973;2.5037037037037035;17325.5
2024-06-18;28.3;35.411764705882355;0.0;53.86029411764706;2.5185185185185186;18890.7
2024-06-19;28.336363636363636;35.431550802139036;0.0;53.64237967914438;2.533333333333333;18286.2
2024-06-20;28.372727272727275;35.45133689839572;0.0;53.42446524064171;2.5481481481481483;18598.4
2024-06-21;28.40909090909091;35.471122994652404;0.0;53.206550802139034;2.562962962962963;18148.7
2024-06-22;28.445454545454545;35.49090909090909;0.0;52.98863636363636;2.577777777777778;18310.100000000002
2024-06-23;28.481818181818184;35.51069518716577;0.0;52.770721925133685;2.5925925925925926;16808.7
2024-06-24;28.51818181818182;35.53048128342246;0.4;52.55280748663102;2.607407407407407;15361.1
2024-06-25;28.554545454545455;35.55026737967914;0.0;52.33489304812834;2.6222222222222222;16982.2
2024-06-26;28.590909090909093;35.57005347593583;0.0;52.11697860962567;2.637037037037037;17083.9
2024-06-27;28.62727272727273;35.58983957219251;0.0;51.899064171122994;2.651851851851852;16720.3
2024-06-28;28.663636363636364;35.6096256684492;0.0;51.68114973262032;2.6666666666666665;16349.1
2024-06-29;28.7;35.62941176470588;0.0;51.46323529411765;2.6814814814814816;18273.9
2024-06-30;28.736363636363638;35.649197860962566;0.2;51.24532085561498;2.696296296296296;14798.8
2024-07-01;28.772727272727273;35.668983957219254;0.0;51.0274064171123;2.7111111111111112;15823.4
2024-07-02;28.80909090909091;35.688770053475935;0.0;50.80949197860963;2.725925925925926;16461.8
2024-07-03;28.845454545454544;35.70855614973262;0.0;50.591577540106954;2.740740740740741;18744.4
2024-07-04;28.881818181818183;35.7283422459893;0.0;50.37366310160428;2.7555555555555555;18580.5
2024-07-05;28.918181818181818;35.74812834224599;0.0;50.155748663101605;2.77037037037037;18414.5
2024-07-06;28.954545454545453;35.76791443850267;0.0;49.93783422459893;2.785185185185185;15722.9
2024-07-07;28.990909090909092;35.78770053475936;0.0;49.719919786096256;2.8;14218.0
2024-07-08;29.027272727272727;35.80748663101604;0.8;49.50200534759358;2.814814814814815;13573.9
2024-07-09;29.063636363636363;35.82727272727273;0.0;49.28409090909091;2.8296296296296295;17279.600000000002
2024-07-10;29.1;35.84705882352941;0.0;49.06617647058823;2.8444444444444446;16951.2
2024-07-11;29.136363636363637;35.8668449197861;0.0;48.848262032085564;2.859259259259259;16349.1
2024-07-12;29.172727272727272;35.88663101604278;0.0;48.63034759358289;2.8740740740740742;18844.7
2024-07-13;29.20909090909091;35.906417112299465;0.0;48.412433155080215;2.888888888888889;16782.2
2024-07-14;29.245454545454546;35.926203208556146;0.0;48.19451871657754;2.903703703703704;17798.9
2024-07-15;29.28181818181818;35.945989304812834;0.0;47.976604278074866;2.9185185185185185;18211.8
2024-07-16;29.31818181818182;35.96577540106952;0.0;47.75868983957219;2.933333333333333;17496.5
2024-07-17;29.354545454545455;35.9855614973262;0.0;47.54077540106952;2.948148148148148;18853.7
2024-07-18;29.39090909090909;36.00534759358289;0.0;47.32286096256684;2.962962962962963;16458.5
2024-07-19;29.42727272727273;36.02513368983957;0.0;47.10494652406417;2.977777777777778;17175.2
2024-07-20;29.463636363636365;36.04491978609626;0.0;46.8870320855615;2.9925925925925925;17065.6
2024-07-21;29.5;36.06470588235294;0.0;46.669117647058826;3.0074074074074075;18481.6
2024-07-22;29.53636363636364;36.08449197860963;0.0;46.45120320855615;3.022222222222222;18588.4
2024-07-23;29.572727272727274;36.10427807486631;0.0;46.23328877005348;3.037037037037037;18894.2
2024-07-24;29.60909090909091;36.124064171122996;0.0;46.0153743315508;3.051851851851852;18041.9
2024-07-25;29.645454545454548;36.143850267379676;0.0;45.79745989304813;3.0666666666666664;18955.5
2024-07-26;29.681818181818183;36.163636363636364;0.0;45.57954545454545;3.0814814814814815;18778.8
2024-07-27;29.71818181818182;36.183422459893045;0.0;45.36163101604278;3.096296296296296;18276.0
2024-07-28;29.754545454545454;36.20320855614973;0.0;45.143716577540104;3.111111111111111;19540.0
2024-07-29;29.790909090909093;36.22299465240641;0.0;44.92580213903744;3.1259259259259258;18712.7
2024-07-30;29.827272727272728;36.2427807486631;0.0;44.70788770053476;3.140740740740741;19615.2
2024-07-31;29.863636363636363;36.26256684491979;0.0;44.48997326203209;3.1555555555555554;19384.6
2024-08-01;29.9;36.28235294117647;0.0;44.27205882352941;3.1703703703703705;18392.7
2024-08-02;29.936363636363637;36.30213903743316;0.0;44.05414438502674;3.185185185185185;19310.5
2024-08-03;29.972727272727273;36.32192513368984;0.0;43.836229946524064;3.2;5266.5
2024-08-04;30.009090909090908;36.341711229946526;0.0;43.61831550802139;3.214814814814815;1119.1
2024-08-05;30.045454545454547;36.36149732620321;0.0;43.400401069518715;3.2296296296296294;20443.3
2024-08-06;30.081818181818182;36.381283422459894;0.0;43.18248663101604;3.2444444444444445;0.0
2024-08-07;30.118181818181817;36.401069518716575;0.0;42.964572192513366;3.259259259259259;18885.0
2024-08-08;30.154545454545456;36.42085561497326;0.0;42.7466577540107;3.274074074074074;19946.8
2024-08-09;30.19090909090909;36.440641711229944;0.0;42.528743315508024;3.2888888888888888;19541.1
2024-08-10;30.227272727272727;36.46042780748663;0.0;42.31082887700535;3.303703703703704;20039.0
2024-08-11;30.263636363636365;36.48021390374331;0.0;42.092914438502675;3.3185185185185184;17247.7
2024-08-12;30.3;36.5;1.6;41.875;3.3333333333333335;14996.5
2024-08-13;23.3;36.6;0.0;56.708333333333336;3.1666666666666665;19185.1
2024-08-14;22.9;33.4;1.6;64.5;2.720833333333333;12969.0
2024-08-15;21.1;36.4;0.0;60.958333333333336;3.25;20488.7
2024-08-16;18.6;37.1;0.0;51.208333333333336;2.6083333333333334;21722.3
2024-08-17;18.5;37.2;0.0;49.291666666666664;2.5875;21499.7
2024-08-18;19.9;37.2;0.0;46.666666666666664;2.4625;21068.5
2024-08-19;21.0;36.8;0.0;45.208333333333336;3.2291666666666665;20702.9
2024-08-20;19.3;37.4;0.0;44.875;2.975;21212.1
2024-08-21;19.9;37.2;0.0;48.625;3.3041666666666667;22349.2
2024-08-22;20.5;37.1;0.0;50.75;4.0;20950.5
2024-08-23;20.8;36.0;0.0;49.708333333333336;4.3999999999999995;19147.3
2024-08-24;20.2;36.3;0.0;49.791666666666664;3.266666666666667;18605.6
2024-08-25;20.1;38.7;0.0;48.541666666666664;2.6375;19648.1
2024-08-26;19.5;38.6;0.0;47.541666666666664;2.6958333333333333;19193.4
2024-08-27;23.1;37.2;0.0;49.041666666666664;3.3083333333333336;20002.2
2024-08-28;22.2;38.3;0.0;47.416666666666664;4.120833333333334;23036.1
2024-08-29;18.1;37.2;0.0;33.583333333333336;3.7083333333333335;23479.9
2024-08-30;18.6;37.0;0.0;42.458333333333336;3.579166666666667;23316.8
2024-08-31;19.4;37.5;0.0;42.75;3.4916666666666667;23619.6
2024-09-01;18.0;37.9;0.0;39.25;3.641666666666667;23691.2
2024-09-02;17.5;37.6;0.0;41.875;3.016666666666667;23510.600000000002
2024-09-03;18.9;38.2;0.0;43.458333333333336;2.9333333333333336;22123.8
2024-09-04;20.4;37.3;0.0;44.416666666666664;2.9958333333333336;22118.5
2024-09-05;19.6;38.2;0.0;46.416666666666664;3.641666666666667;23636.4
2024-09-06;19.6;37.6;0.0;46.458333333333336;3.845833333333333;21571.8
2024-09-07;20.8;37.9;0.0;47.541666666666664;3.9375;22710.0
2024-09-08;21.7;38.3;0.0;44.541666666666664;4.270833333333333;22198.1
2024-09-09;21.1;38.2;0.0;39.25;4.2625;21665.7
2024-09-10;19.5;38.8;0.0;40.916666666666664;3.6;21839.0
2024-09-11;20.3;38.5;0.0;44.375;3.5749999999999997;21793.9
2024-09-12;21.2;38.3;0.0;43.833333333333336;3.891666666666667;21804.0
2024-09-13;21.3;37.4;0.0;44.791666666666664;4.358333333333333;22681.8
2024-09-14;21.9;38.3;0.0;42.541666666666664;3.233333333333333;23428.399999999998
2024-09-15;22.4;38.8;0.0;45.291666666666664;3.0;23414.2
2024-09-16;22.5;39.2;0.0;45.041666666666664;2.9958333333333336;22824.5
2024-09-17;22.2;39.2;0.0;45.625;3.3125;22823.7
2024-09-18;25.2;38.8;0.0;45.583333333333336;4.9624999999999995;22553.7
2024-09-19;23.9;38.4;0.0;44.291666666666664;4.1375;22062.7
2024-09-20;23.3;38.9;0.0;43.541666666666664;3.595833333333333;22767.1
2024-09-21;23.2;38.6;0.0;42.541666666666664;3.3791666666666664;22080.7
2024-09-22;24.3;38.8;0.0;43.625;3.483333333333333;21827.8
2024-09-23;25.7;38.1;0.0;45.0;3.7708333333333335;21234.7
2024-09-24;25.3;38.7;0.0;52.416666666666664;3.783333333333333;17044.0
2024-09-25;24.5;36.4;0.0;53.125;3.904166666666667;19100.0
2024-09-26;22.9;36.5;0.0;57.041666666666664;3.2916666666666665;21055.6
2024-09-27;22.9;37.6;0.0;52.666666666666664;3.1041666666666665;21472.0
2024-09-28;25.0;35.5;0.0;52.541666666666664;3.2541666666666664;21351.6
2024-09-29;24.5;37.6;0.0;53.5;4.333333333333333;23141.5
2024-09-30;26.3;37.7;0.0;48.625;4.95;21243.6
2024-10-01;26.2;35.8;0.2;56.125;4.208333333333333;16183.8
2024-10-02;24.4;37.6;0.0;60.40909090909091;3.4272727272727277;16751.100000000002
2024-10-03;22.4;39.2;0.0;48.125;3.454166666666667;23982.5
2024-10-04;25.9;39.4;0.0;46.791666666666664;4.758333333333334;21811.7
2024-10-05;27.1;38.8;0.0;44.75;3.875;23079.0
2024-10-06;26.7;36.2;0.0;50.125;4.041666666666667;19879.1
2024-10-07;25.1;36.2;0.0;55.0;4.2250000000000005;15664.2
2024-10-08;24.4;36.4;0.0;53.0;4.379166666666666;22443.2
2024-10-09;24.2;39.3;0.0;46.73913043478261;4.069565217391305;24093.3
2024-10-10;26.3;38.8;0.0;41.791666666666664;4.6000000000000005;24354.8
2024-10-11;26.9;35.1;0.0;47.041666666666664;4.295833333333333;16258.5
2024-10-12;24.2;38.4;0.0;52.875;3.3833333333333333;20019.2
2024-10-13;24.9;38.5;0.0;50.708333333333336;3.6125000000000003;20606.8
2024-10-14;25.6;38.4;0.0;45.041666666666664;3.6291666666666664;19563.5
2024-10-15;23.2;35.6;2.4;57.791666666666664;4.854166666666667;18944.3
2024-10-16;25.5;33.3;0.0;62.75;3.3125;13249.9
2024-10-17;24.2;36.4;0.0;57.5;3.3958333333333335;21415.8
2024-10-18;22.8;32.1;26.400000000000002;71.04166666666667;3.4333333333333336;12250.6
2024-10-19;23.8;36.5;0.0;60.791666666666664;2.891666666666667;21348.0
2024-10-20;25.5;34.4;0.0;59.958333333333336;3.6999999999999997;13972.3
2024-10-21;24.6;36.8;2.4;65.33333333333333;3.7624999999999997;15094.6
2024-10-22;24.3;35.8;0.6000000000000001;66.75;2.8666666666666667;18847.0
2024-10-23;24.6;36.6;0.0;56.375;2.620833333333333;21175.2
2024-10-24;25.1;38.4;0.0;52.416666666666664;2.7708333333333335;22894.8
2024-10-25;26.5;35.6;0.0;53.291666666666664;4.666666666666667;17630.0
2024-10-26;24.1;35.6;0.0;57.666666666666664;4.129166666666666;18900.6
2024-10-27;25.3;35.4;0.0;55.875;4.2375;18233.8
2024-10-28;24.5;36.7;0.0;54.666666666666664;3.0708333333333333;21670.3
2024-10-29;24.5;35.5;0.0;55.75;4.016666666666667;18193.399999999998
2024-10-30;25.3;35.5;0.0;57.791666666666664;5.154166666666667;18083.0
2024-10-31;26.0;34.3;0.0;57.125;3.3249999999999997;15346.2
2024-11-01;24.0;37.7;0.0;51.75;3.0583333333333336;20550.5
2024-11-02;24.3;37.0;1.4;52.40909090909091;2.5272727272727273;17920.0
2024-11-03;26.1;38.7;0.0;49.625;3.4166666666666665;21384.7
2024-11-04;26.2;36.7;0.0;45.791666666666664;5.008333333333334;17363.9
2024-11-05;26.1;34.8;0.0;53.125;3.1374999999999997;15053.4
2024-11-06;24.2;37.3;0.0;54.083333333333336;3.216666666666667;17577.6
2024-11-07;26.7;34.4;0.0;54.166666666666664;3.9958333333333336;12901.5
2024-11-08;25.5;37.8;0.0;56.34782608695652;3.6999999999999997;17941.4
2024-11-09;24.5;37.8;0.0;49.041666666666664;3.0375;22324.6
2024-11-10;23.9;37.9;0.0;47.875;3.4499999999999997;20519.8
2024-11-11;23.4;30.9;25.0;80.0;4.254166666666667;5880.3
2024-11-12;23.7;34.9;0.0;70.79166666666667;2.9875000000000003;21901.8
2024-11-13;23.8;33.4;0.0;67.04545454545455;2.9045454545454543;12057.5
2024-11-14;23.4;34.3;1.4;66.41666666666667;3.141666666666667;16497.3
2024-11-15;22.3;34.9;14.8;74.29166666666667;2.6125000000000003;20656.4
2024-11-16;24.3;35.1;0.0;67.29166666666667;2.904166666666667;22393.7
2024-11-17;23.4;35.3;1.8;64.16666666666667;2.8000000000000003;23095.0
2024-11-18;25.2;35.8;7.4;65.16666666666667;2.9875000000000003;18289.4
2024-11-19;24.9;32.4;0.0;67.625;3.25;12884.3
2024-11-20;24.4;35.2;0.0;66.125;2.595833333333333;20305.8
2024-11-21;23.9;34.7;17.4;63.5;3.125;18314.600000000002
2024-11-22;23.5;34.4;1.4;72.29166666666667;3.3208333333333333;21501.0
2024-11-23;24.4;34.6;0.0;64.04166666666667;2.766666666666667;19930.6
2024-11-24;24.7;35.1;0.0;64.58333333333333;2.466666666666667;21729.5
2024-11-25;25.3;33.4;0.0;62.875;3.0;15371.699999999999
2024-11-26;24.2;35.7;7.4;64.91666666666667;3.3833333333333333;19316.7
2024-11-27;23.9;36.0;0.0;66.75;2.3916666666666666;23403.7
2024-11-28;23.8;35.9;0.0;59.80952380952381;2.2476190476190476;18590.9
2024-11-29;23.9;35.0;0.0;60.27777777777778;2.7888888888888888;17251.5
2024-11-30;24.7;31.8;0.0;73.66666666666667;2.275;4146.5
2024-12-01;25.0;33.7;0.0;65.0;3.7363636363636363;6297.7
2024-12-02;24.9;33.56666666666667;0.0;65.23611111111111;3.3964646464646466;0.0
2024-12-03;24.8;33.43333333333333;0.0;65.47222222222221;3.0565656565656565;0.0
2024-12-04;24.7;33.3;0.8;65.70833333333333;2.716666666666667;13317.6
2024-12-05;21.4;28.4;31.000000000000004;78.75;3.1833333333333336;2373.2
2024-12-06;23.2;33.3;12.4;77.8125;2.6625;13692.4
2024-12-07;29.1;35.9;0.0;40.5;5.45;6069.6
2024-12-08;21.4;33.5;0.6000000000000001;63.791666666666664;2.8083333333333336;17120.3
2024-12-09;23.5;34.2;0.2;70.125;2.5875;20175.1
2024-12-10;25.6;34.2;0.0;67.5;3.15;17212.3
2024-12-11;23.0;34.5;7.3999999999999995;71.95833333333333;3.9625;19329.7
2024-12-12;23.1;34.3;0.8;74.58333333333333;2.5458333333333334;20542.600000000002
2024-12-13;23.6;31.6;0.0;75.95833333333333;2.1958333333333333;11505.8
2024-12-14;23.0;33.5;0.4;75.70833333333333;2.0749999999999997;15242.1
2024-12-15;22.9;34.1;0.6000000000000001;73.29166666666667;2.5083333333333333;15945.6
2024-12-16;24.4;27.4;0.0;76.44444444444444;2.0999999999999996;0.0
2024-12-17;24.2625;27.80625;0.0;76.40364583333333;2.1119791666666665;0.0
2024-12-18;24.125;28.2125;0.0;76.36284722222223;2.123958333333333;0.0
2024-12-19;23.987499999999997;28.61875;0.0;76.32204861111111;2.1359375;0.0
2024-12-20;23.849999999999998;29.025;0.0;76.28125;2.1479166666666663;0.0
2024-12-21;23.7125;29.43125;0.0;76.24045138888889;2.159895833333333;0.0
2024-12-22;23.575;29.8375;0.0;76.19965277777777;2.1718749999999996;0.0
2024-12-23;23.4375;30.24375;0.0;76.15885416666667;2.1838541666666664;0.0
2024-12-24;23.299999999999997;30.65;0.0;76.11805555555556;2.195833333333333;0.0
2024-12-25;23.162499999999998;31.05625;0.0;76.07725694444444;2.2078124999999997;0.0
2024-12-26;23.025;31.4625;0.0;76.03645833333334;2.2197916666666666;0.0
2024-12-27;22.8875;31.86875;0.0;75.99565972222223;2.231770833333333;0.0
2024-12-28;22.75;32.275;0.0;75.95486111111111;2.24375;0.0
2024-12-29;22.6125;32.68125;0.0;75.9140625;2.2557291666666663;0.0
2024-12-30;22.474999999999998;33.0875;0.0;75.87326388888889;2.267708333333333;0.0
2024-12-31;22.3375;33.49375;0.0;75.83246527777779;2.2796874999999996;0.0
2025-01-01;22.2;33.9;0.2;75.79166666666667;2.2916666666666665;21163.0
2025-01-02;22.7;33.0;0.8;74.0;3.279166666666667;17114.5
2025-01-03;21.8;30.8;0.4;80.33333333333333;2.4916666666666667;13558.6
2025-01-04;22.2;32.4;0.2;79.95652173913044;2.0521739130434784;14627.1
2025-01-05;23.7;32.3;0.2;79.45454545454545;2.7409090909090907;17076.9
2025-01-06;23.1;30.3;0.2;81.91666666666667;2.6333333333333333;12325.9
2025-01-07;22.0;30.3;0.2;83.08333333333333;2.3249999999999997;12881.9
2025-01-08;22.6;31.4;0.4;85.04166666666667;3.033333333333333;12793.7
2025-01-09;22.7;30.1;0.2;84.79166666666667;2.0208333333333335;12097.8
2025-01-10;22.9;31.5;0.2;85.29166666666667;2.783333333333333;12363.4
2025-01-11;24.4;33.2;0.2;82.125;2.5708333333333333;14891.9
2025-01-12;24.3;30.3;0.4;81.16666666666667;2.6666666666666665;9316.0
2025-01-13;23.5;32.8;0.2;77.91666666666667;2.4625;15335.6
2025-01-14;23.3;27.4;0.2;82.70833333333333;3.525;6681.7
2025-01-15;22.5;29.1;0.2;81.83333333333333;1.8291666666666666;12290.3
2025-01-16;22.9;30.7;0.2;80.95833333333333;1.0666666666666667;14294.6
2025-01-17;23.3;32.9;0.4;77.45833333333333;2.470833333333333;15805.5
2025-01-18;23.0;27.6;0.2;81.75;2.4833333333333334;7150.0
2025-01-19;23.3;32.1;0.2;76.16666666666667;2.595833333333333;19762.0
2025-01-20;23.0;31.9;0.2;75.83333333333333;2.7624999999999997;15567.4
2025-01-21;22.8;30.5;0.2;79.875;2.6166666666666667;13766.9
2025-01-22;24.0;33.9;0.2;75.29166666666667;1.5916666666666668;18994.899999999998
2025-01-23;22.9;32.9;0.2;70.95833333333333;2.654166666666667;21078.6
2025-01-24;24.0;30.6;0.2;76.66666666666667;0.6875;12734.6
2025-01-25;23.1;32.5;0.2;77.16666666666667;2.470833333333333;16224.300000000001
2025-01-26;23.1;34.4;0.2;73.04166666666667;2.3041666666666667;22088.8
2025-01-27;21.8;33.1;0.2;75.33333333333333;3.0749999999999997;22646.9
2025-01-28;24.7;33.8;0.2;76.375;2.4833333333333334;19021.6
2025-01-29;22.0;31.0;0.2;82.75;2.3458333333333337;11109.6
2025-01-30;22.3;32.3;0.4;83.66666666666667;2.8166666666666664;19470.9
2025-01-31;23.4;31.7;0.2;84.25;2.2125;13499.4
2025-02-01;22.8;27.8;0.2;86.875;2.1416666666666666;7215.8
2025-02-02;22.2;32.4;0.2;84.58333333333333;1.8625;16254.300000000001
2025-02-03;21.7;33.1;0.2;82.875;2.25;17836.9
2025-02-04;23.6;29.9;0.4;80.45454545454545;2.7454545454545456;9747.5
2025-02-05;24.5;33.9;0.2;74.20833333333333;2.3958333333333335;23245.0
2025-02-06;24.4;33.0;0.2;70.25;3.4958333333333336;18797.1
2025-02-07;24.0;32.1;0.2;79.26086956521739;2.1956521739130435;12820.5
2025-02-08;24.5;31.0;0.0;82.15;2.425;10766.199999999999
2025-02-09;23.0;30.1;0.2;81.75;2.705;9749.7
2025-02-10;21.8;29.8;0.2;81.25;2.5375;10363.9
2025-02-11;22.7;32.2;0.2;79.0;2.5625;17496.1
2025-02-12;22.6;32.3;0.2;78.875;2.595833333333333;13968.400000000001
2025-02-13;22.7;32.6;0.2;75.5;2.2624999999999997;18536.100000000002
2025-02-14;22.7;33.1;0.2;75.83333333333333;2.7541666666666664;20170.6
2025-02-15;23.2;30.3;0.2;83.52173913043478;3.3434782608695657;13481.0
2025-02-16;22.0;29.9;0.2;85.5;2.9625;9070.4
2025-02-17;22.4;29.1;0.2;85.70833333333333;1.6375;11482.3
2025-02-18;23.3;32.7;0.2;82.375;1.7416666666666665;16959.3
2025-02-19;23.3;33.2;0.2;76.875;1.9625000000000001;19502.7
2025-02-20;24.3;32.0;0.2;74.20833333333333;3.5708333333333333;16148.699999999999
2025-02-21;24.1;32.7;0.0;76.91666666666667;2.345833333333333;15778.1
2025-02-22;22.6;32.3;0.2;78.83333333333333;2.2833333333333337;20704.0
2025-02-23;24.6;33.0;0.2;76.75;2.2375000000000003;17820.6
2025-02-24;24.9;31.7;0.0;78.45833333333333;3.1125000000000003;11848.6
2025-02-25;22.8;32.0;0.2;80.625;2.6416666666666666;16276.1
2025-02-26;24.3;32.1;0.2;74.95833333333333;2.4875000000000003;17306.2
2025-02-27;23.1;29.5;0.0;81.70833333333333;3.3874999999999997;12137.0
2025-02-28;23.8;31.3;0.2;81.0;2.1041666666666665;14795.8
2025-03-01;23.5;32.0;0.0;80.375;2.5416666666666665;15178.6
2025-03-02;23.6;31.5;0.0;79.95833333333333;2.35;18427.2
2025-03-03;23.1;32.8;0.0;77.70833333333333;2.5124999999999997;19132.2
2025-03-04;23.6;32.6;0.0;78.29166666666667;2.4458333333333333;13976.7
2025-03-05;23.7;31.2;0.0;79.875;2.1875;12304.800000000001
2025-03-06;22.9;29.3;0.0;83.66666666666667;3.329166666666667;11793.6
2025-03-07;23.3;33.4;0.0;80.20833333333333;2.4833333333333334;18342.4
2025-03-08;23.5;33.1;0.0;78.0;2.008695652173913;17188.0
2025-03-09;23.2;31.3;0.0;80.20833333333333;3.275;12734.3
2025-03-10;23.2;32.3;0.0;80.30434782608695;2.5;15261.4
2025-03-11;22.1;30.7;0.0;84.95652173913044;2.847826086956522;12432.8
2025-03-12;22.7;30.8;0.0;84.5;2.1041666666666665;13899.1
2025-03-13;23.2;32.6;0.0;82.08333333333333;1.7375;16016.9
2025-03-14;23.2;32.3;0.0;75.45833333333333;3.4916666666666667;19604.4
2025-03-15;23.0;33.9;0.0;74.91666666666667;1.9708333333333332;19980.3
2025-03-16;23.8;32.9;0.0;72.91666666666667;3.1458333333333335;21400.600000000002
2025-03-17;24.2;30.6;0.0;77.58333333333333;3.2375000000000003;15442.5
2025-03-18;23.1;32.6;0.0;77.0;2.5541666666666667;17808.9
2025-03-19;24.1;34.0;0.0;72.125;3.120833333333333;21486.100000000002
2025-03-20;22.8;32.2;0.0;74.83333333333333;3.6833333333333336;17287.2
2025-03-21;22.5;30.3;0.0;84.04166666666667;2.5875;11813.699999999999
2025-03-22;23.2;33.5;0.0;77.625;2.254166666666667;20772.6
2025-03-23;23.8;32.7;0.0;80.66666666666667;2.0708333333333333;13283.699999999999
2025-03-24;24.1;33.8;0.0;78.54166666666667;2.158333333333333;18974.0
2025-03-25;23.4;34.4;0.0;72.95833333333333;2.5500000000000003;23797.8
2025-03-26;24.4;33.6;0.0;71.875;2.4458333333333333;18144.1
2025-03-27;23.8;33.7;0.0;73.08333333333333;2.6125000000000003;17743.0
2025-03-28;23.4;31.6;0.0;77.29166666666667;2.875;16799.3
2025-03-29;23.2;33.5;0.0;77.125;2.404166666666667;16701.4
2025-03-30;23.8;33.2;0.0;74.33333333333333;2.5749999999999997;18683.8
2025-03-31;23.4;33.3;0.0;76.33333333333333;1.7249999999999999;18734.1
2025-04-01;22.7;33.6;0.0;77.04166666666667;2.2291666666666665;19591.7
2025-04-02;23.7;34.1;0.0;74.45833333333333;2.6;17252.8
2025-04-03;23.4;34.0;0.0;75.16666666666667;1.925;20954.1
2025-04-04;24.8;33.8;0.0;76.75;2.7583333333333333;14284.8
2025-04-05;23.2;32.7;0.0;77.75;2.0708333333333333;16149.4
2025-04-06;22.8;33.7;0.0;79.70833333333333;1.7291666666666667;14637.3
2025-04-07;23.0;31.3;0.0;83.75;1.5291666666666668;9302.5
2025-04-08;23.2;34.2;0.0;76.5;2.1625;21243.0
2025-04-09;24.3;32.0;0.0;76.83333333333333;2.0541666666666667;15411.9
2025-04-10;24.4;32.1;0.0;77.45833333333333;3.029166666666667;14498.9
2025-04-11;23.9;32.8;0.0;76.125;2.620833333333333;15993.2
2025-04-12;23.9;33.6;0.0;76.83333333333333;2.004166666666667;18050.9
2025-04-13;24.6;31.8;0.0;79.58333333333333;2.370833333333333;14033.7
2025-04-14;23.7;32.6;0.0;82.625;2.0791666666666666;13009.7
2025-04-15;23.7;33.6;0.0;79.58333333333333;2.341666666666667;18217.899999999998
2025-04-16;23.0;33.3;0.0;77.58333333333333;2.441666666666667;18006.8
2025-04-17;23.1;34.5;0.0;73.0;2.066666666666667;19925.4
2025-04-18;22.8;34.5;0.0;70.125;2.066666666666667;23430.4
2025-04-19;22.9;34.1;0.0;72.625;2.1708333333333334;19509.7
2025-04-20;23.0;33.7;0.0;71.91666666666667;2.1791666666666667;20434.800000000003
2025-04-21;23.6;32.9;0.0;72.29166666666667;3.1625;17298.9
2025-04-22;23.9;32.3;0.0;77.125;3.4166666666666665;16340.3
2025-04-23;22.1;31.0;0.0;80.91666666666667;2.6041666666666665;12211.8
2025-04-24;23.6;34.2;0.0;73.75;3.0583333333333336;21038.8
2025-04-25;23.8;33.6;0.0;73.41666666666667;2.120833333333333;18288.8
2025-04-26;24.0;34.0;0.0;71.125;3.15;19707.1
2025-04-27;24.1;33.9;0.0;75.83333333333333;2.7541666666666664;14261.6
2025-04-28;23.7;33.7;0.0;75.625;2.470833333333333;17266.7
2025-04-29;23.5;33.1;0.0;78.08333333333333;1.9541666666666666;13501.0
2025-04-30;23.1;34.1;0.0;76.58333333333333;2.2958333333333334;19990.4
2025-05-01;23.0;34.0;0.0;72.33333333333333;2.4125;18955.399999999998
2025-05-02;23.4;33.7;0.0;75.25;2.3583333333333334;17986.6
2025-05-03;22.3;33.9;0.0;71.91666666666667;2.154166666666667;20283.1
2025-05-04;22.0;34.6;0.0;69.45833333333333;2.7583333333333333;19500.2
2025-05-05;22.8;34.1;0.0;71.125;2.308333333333333;17986.4
2025-05-06;23.0;33.8;0.0;73.54166666666667;2.5166666666666666;16937.5
2025-05-07;22.2;34.0;0.0;72.0;2.158333333333333;18018.5
2025-05-08;22.6;34.9;0.0;70.54166666666667;2.2291666666666665;19072.6
2025-05-09;22.1;34.0;0.0;74.16666666666667;2.620833333333333;15949.9
2025-05-10;23.1;33.7;0.0;78.375;2.4208333333333334;17612.5
2025-05-11;22.9;32.6;0.0;76.625;2.9333333333333336;14623.0
2025-05-12;22.7;33.4;0.0;79.375;2.408333333333333;15844.5
2025-05-13;23.2;33.2;0.0;76.0;3.204166666666667;17566.3
2025-05-14;23.1;33.7;0.0;69.5;3.1916666666666664;16839.9
2025-05-15;23.0;34.2;0.0;70.16666666666667;2.129166666666667;16010.8
2025-05-16;23.2;33.6;0.0;68.5;2.8874999999999997;13988.3
2025-05-17;21.9;32.6;0.0;69.58333333333333;2.591666666666667;15079.2
2025-05-18;22.4;34.1;0.0;68.58333333333333;2.7916666666666665;16993.7
2025-05-19;22.3;34.5;0.0;67.5;3.1041666666666665;17186.399999999998
2025-05-20;23.0;34.1;0.0;64.70833333333333;2.5375;18191.4
2025-05-21;23.8;34.3;0.0;71.25;3.3666666666666667;13953.199999999999
2025-05-22;23.1;31.7;0.0;76.58333333333333;3.475;14556.199999999999
2025-05-23;23.5;35.0;0.0;71.54166666666667;2.5500000000000003;18018.6
2025-05-24;23.1;33.4;0.0;73.95833333333333;2.1;15567.9
2025-05-25;23.3;34.4;0.0;69.95833333333333;3.3791666666666664;17127.1
2025-05-26;22.9;34.8;0.0;65.625;3.216666666666667;19231.8
2025-05-27;21.6;34.3;0.0;64.75;3.1458333333333335;18853.4
2025-05-28;20.8;34.7;0.0;64.75;2.7541666666666664;19520.8
2025-05-29;21.5;34.1;0.0;68.29166666666667;2.2916666666666665;17845.5
2025-05-30;22.0;34.8;0.0;67.41666666666667;1.6708333333333334;16017.300000000001
2025-05-31;22.5;33.4;0.0;69.125;2.858333333333333;17303.4
2025-06-01;22.0;34.0;0.0;71.625;3.1999999999999997;16724.5
2025-06-02;22.8;34.1;0.0;70.5;2.4833333333333334;15722.5
2025-06-03;20.9;33.8;0.0;69.125;3.5375;16570.6
2025-06-04;21.8;32.5;0.0;68.91666666666667;2.9458333333333333;15162.2
2025-06-05;21.4;34.0;0.0;69.20833333333333;3.1166666666666667;17679.1
2025-06-06;21.8;35.0;0.0;67.79166666666667;2.5458333333333334;16983.7
2025-06-07;22.1;35.4;0.0;66.0;2.6999999999999997;17616.8
2025-06-08;22.3;34.8;0.0;66.41666666666667;3.033333333333333;15996.6
2025-06-09;22.2;33.4;0.0;65.5;3.72;15733.9
2025-06-10;21.3;34.3;0.0;65.0;2.9052631578947365;17755.1
2025-06-11;23.0;33.4;0.0;68.52941176470588;2.7529411764705882;12032.4
2025-06-12;24.6;32.5;0.0;69.66666666666667;4.808333333333333;10563.9
2025-06-13;24.2;33.1;0.0;70.84615384615384;4.553846153846154;11402.0
2025-06-14;23.8;33.1;0.0;54.69230769230769;7.446153846153846;16060.4
2025-06-15;21.9;33.0;0.0;53.8125;5.375;16804.5
2025-06-16;22.9;34.4;0.0;51.46666666666667;5.006666666666666;16848.9
2025-06-17;22.0;34.6;0.0;56.3125;4.98125;15482.5
2025-06-18;22.1;34.4;0.0;49.69230769230769;5.676923076923076;16747.7
2025-06-19;22.3;34.8;0.0;43.0;6.253846153846154;18656.2
2025-06-20;21.4;34.5;0.0;43.76923076923077;5.869230769230769;18335.4
2025-06-21;23.0;34.2;0.0;54.5;5.61;15940.5
2025-06-22;22.8;34.3;0.0;57.7;5.91;15191.0
2025-06-23;22.9;35.1;0.0;58.4;5.64;15707.4
2025-06-24;23.9;35.1;0.0;56.666666666666664;4.7555555555555555;16978.7
2025-06-25;21.0;33.9;0.0;58.6;4.38;17718.5
2025-06-26;23.5;33.6;0.0;64.81818181818181;4.636363636363637;12901.5
2025-06-27;22.3;34.7;0.0;54.57142857142857;4.7153846153846155;16834.0
2025-06-28;21.5;34.6;0.0;56.54545454545455;4.7272727272727275;15519.3
2025-06-29;22.4;34.2;0.0;59.15384615384615;3.792307692307692;13950.4
2025-06-30;23.1;33.7;0.0;60.714285714285715;3.1357142857142857;12618.4
2025-07-01;21.5;34.5;0.0;61.8125;3.55625;16431.5
2025-07-02;21.6;34.0;0.0;60.3125;3.9;17430.0
2025-07-03;23.8;34.8;0.0;43.54545454545455;5.336363636363637;16314.5
2025-07-04;21.0;34.6;0.0;49.05882352941177;4.064705882352941;18344.2
2025-07-05;20.3;34.9;0.0;50.6875;2.25625;13486.4
2025-07-06;19.3;36.1;0.0;55.09090909090909;1.9863636363636366;17384.9
2025-07-07;19.0;35.9;0.0;57.0;2.3833333333333333;16768.5
2025-07-08;20.1;35.6;0.0;57.666666666666664;2.8333333333333335;16246.3
2025-07-09;20.4;35.1;0.0;58.130434782608695;2.9869565217391307;15348.3
2025-07-10;20.6;36.2;0.0;56.5;3.8208333333333333;16245.5
2025-07-11;19.9;36.0;0.0;55.083333333333336;3.2875;16077.6
2025-07-12;22.0;36.5;0.0;54.333333333333336;3.4916666666666667;15045.300000000001
2025-07-13;21.4;35.7;0.0;52.416666666666664;3.4333333333333336;15733.8
2025-07-14;18.5;35.1;0.0;46.1;2.945;16372.0
2025-07-15;18.9;34.6;0.0;54.0;2.5749999999999997;12627.5
2025-07-16;19.0;35.3;0.0;56.875;2.625;14335.4
2025-07-17;19.1;36.1;0.0;46.476190476190474;2.9333333333333336;16343.0
2025-07-18;17.1;35.7;0.0;45.42857142857143;3.419047619047619;17073.4
2025-07-19;19.8;35.3;0.0;49.833333333333336;2.822222222222222;15045.1
2025-07-20;21.3;36.2;0.0;53.0;3.15;13072.6
2025-07-21;21.2;35.8;0.0;52.38461538461539;4.415384615384616;13284.8
2025-07-22;23.2;34.5;0.0;53.72727272727273;5.481818181818182;15766.1
2025-07-23;20.8;35.1;0.0;54.5;4.9399999999999995;15467.6
2025-07-24;25.3;35.7;0.0;51.5;6.42;15927.5
2025-07-25;26.3;35.0;0.0;52.333333333333336;5.388888888888889;14452.5
2025-07-26;25.9;35.3;0.0;44.25;6.925;15594.6
2025-07-27;26.8;36.1;0.0;42.44444444444444;6.722222222222222;17554.9
2025-07-28;19.3;37.0;0.0;35.81818181818182;4.881818181818182;18806.5
2025-07-29;25.4;36.9;0.0;37.44444444444444;4.411111111111111;14675.6
2025-07-30;26.9;36.0;0.0;46.875;4.925;13651.0
2025-07-31;26.1;34.5;0.0;50.55555555555556;6.722222222222222;13456.5
2025-08-01;22.4;30.7;0.0;66.875;5.7625;12209.1
2025-08-02;24.4;34.3;0.0;50.22222222222222;6.344444444444445;17183.8
2025-08-03;22.2;35.5;0.0;40.09090909090909;6.0636363636363635;18941.8
2025-08-04;21.0;35.8;0.0;38.166666666666664;6.283333333333334;20113.9
2025-08-05;22.1;36.8;0.0;37.916666666666664;5.183333333333333;19630.2
2025-08-06;21.8;35.9;0.0;44.0;4.675;17246.7
2025-08-07;26.3;36.1;0.0;48.72727272727273;4.118181818181818;13083.699999999999
2025-08-08;24.6;35.1;0.0;48.30769230769231;4.323076923076924;15200.9
2025-08-09;24.6;35.2;0.0;52.2;3.4466666666666668;14065.3
2025-08-10;21.0;36.0;0.0;56.78947368421053;3.1631578947368424;15835.6
2025-08-11;23.2;33.4;0.0;64.41666666666667;3.9291666666666667;14902.800000000001
2025-08-12;22.1;35.8;0.0;64.95833333333333;3.6958333333333333;17425.9
2025-08-13;21.3;32.6;0.0;74.625;3.6166666666666667;11812.199999999999
2025-08-14;22.5;34.4;0.0;64.70833333333333;3.4625;17961.6
2025-08-15;21.4;34.8;0.0;62.541666666666664;2.4875000000000003;17099.6
2025-08-16;21.2;35.7;0.0;60.833333333333336;3.220833333333333;17261.1
2025-08-17;23.7;35.9;0.0;57.083333333333336;3.4416666666666664;18683.1
2025-08-18;22.6;36.3;0.0;56.916666666666664;2.6791666666666667;19403.4
2025-08-19;21.1;36.7;0.0;54.333333333333336;2.975;20247.1
2025-08-20;20.1;36.9;0.0;47.958333333333336;3.266666666666667;21205.6
2025-08-21;18.9;36.8;0.0;45.65217391304348;3.5;21576.1
2025-08-22;20.1;36.5;0.0;51.5;3.766666666666667;21841.3
2025-08-23;21.5;36.6;0.0;54.166666666666664;2.6083333333333334;18215.7
2025-08-24;21.4;36.8;0.0;52.791666666666664;2.7708333333333335;21303.5
2025-08-25;19.4;36.8;0.0;53.666666666666664;2.9166666666666665;20086.3
2025-08-26;22.3;36.5;0.0;54.75;3.3333333333333335;16703.5
2025-08-27;22.6;36.2;0.0;58.916666666666664;2.5208333333333335;15270.400000000001
2025-08-28;21.5;36.8;0.0;54.541666666666664;2.9291666666666667;19565.9
2025-08-29;21.5;36.4;0.0;54.75;2.5541666666666667;19309.600000000002
2025-08-30;22.9;36.5;0.0;51.59090909090909;3.809090909090909;18199.899999999998
2025-08-31;22.6;36.9;0.0;51.291666666666664;3.7291666666666665;19902.7
2025-09-01;22.3;36.3;0.0;46.714285714285715;4.128571428571429;19108.0
2025-09-02;21.1;37.4;0.0;49.166666666666664;3.1333333333333333;20203.4
2025-09-03;22.1;37.7;0.0;44.541666666666664;3.1666666666666665;18711.7
2025-09-04;21.1;37.6;0.0;44.625;2.9875000000000003;22156.6
2025-09-05;22.0;37.2;0.0;43.583333333333336;3.3249999999999997;18854.3
2025-09-06;21.8;37.3;0.0;47.916666666666664;3.295833333333333;19530.899999999998
2025-09-07;22.9;38.3;0.0;46.416666666666664;2.858333333333333;20228.7
2025-09-08;23.7;38.2;0.0;45.875;2.9916666666666667;19572.8
2025-09-09;21.7;38.0;0.0;42.5;3.783333333333333;21859.3
2025-09-10;19.9;39.4;0.0;42.125;2.7375000000000003;22345.100000000002
2025-09-11;21.6;38.4;0.0;47.708333333333336;2.7541666666666664;18799.6
2025-09-12;23.5;37.3;0.0;55.75;3.875;17265.2
2025-09-13;25.9;35.8;0.0;52.833333333333336;4.970833333333333;16848.600000000002
2025-09-14;23.6;37.3;0.0;52.125;3.045833333333333;17530.9
2025-09-15;25.6;37.8;0.0;38.75;4.375;18563.7
2025-09-16;22.8;37.2;0.0;45.578947368421055;3.2263157894736842;18173.8
2025-09-17;23.6;38.2;0.0;46.21052631578947;2.9210526315789473;17514.6
2025-09-18;27.6;31.3;0.0;52.142857142857146;4.442857142857143;0.0
2025-09-19;27.6;31.3;0.0;52.142857142857146;4.442857142857143;0.0
2025-09-20;27.6;31.3;0.0;52.142857142857146;4.442857142857143;0.0
2025-09-21;27.6;31.3;0.0;52.142857142857146;4.442857142857143;0.0
2025-09-22;27.6;31.3;0.0;52.142857142857146;4.442857142857143;0.0
2025-09-23;27.6;31.3;0.0;52.142857142857146;4.442857142857143;0.0
2025-09-24;27.6;31.3;0.0;52.142857142857146;4.442857142857143;0.0
2025-09-25;27.6;31.3;0.0;52.142857142857146;4.442857142857143;0.0
2025-09-26;27.6;31.3;0.0;52.142857142857146;4.442857142857143;0.0
2025-09-27;27.6;31.3;0.0;52.142857142857146;4.442857142857143;0.0
2025-09-28;27.6;31.3;0.0;52.142857142857146;4.442857142857143;0.0
2025-09-29;27.6;31.3;0.0;52.142857142857146;4.442857142857143;0.0
2025-09-30;27.6;31.3;0.0;52.142857142857146;4.442857142857143;0.0
