date,ano,dap,tensao_solo_kpa,delta_tensao_kpa,chuva_acum_3d_mm,tmax_max_3d_c,IrrDay_mm,classe_aquacrop,nome_aquacrop,classe_ensemble,nome_ensemble,acertou,consenso_pct,votos_C0,votos_C1,votos_C2
2020-06-14,2020,14,28.9,0.0,0.0,28.8,0.0,0,C0-SemIrrig,0,C0-SemIrrig,1,64.3,9,3,2
2020-06-15,2020,15,28.9,0.0,0.0,29.4,0.0,0,C0-SemIrrig,0,C0-SemIrrig,1,64.3,9,4,1
2020-06-16,2020,16,31.14,2.233,0.0,29.5,0.0,0,C0-SemIrrig,0,C0-SemIrrig,1,57.1,8,3,3
2020-06-17,2020,17,30.05,-1.084,0.0,29.5,0.0,0,C0-SemIrrig,0,C0-SemIrrig,1,64.3,9,4,1
2020-06-18,2020,18,32.06,2.007,0.0,29.5,0.0,0,C0-SemIrrig,0,C0-SemIrrig,1,57.1,8,3,3
2020-06-19,2020,19,30.94,-1.116,0.0,29.5,0.0,0,C0-SemIrrig,0,C0-SemIrrig,1,57.1,8,4,2
2020-06-20,2020,20,32.54,1.595,0.12,29.9,0.0,0,C0-SemIrrig,0,C0-SemIrrig,1,50.0,7,4,3
2020-06-21,2020,21,31.24,-1.295,0.14,29.9,0.0,0,C0-SemIrrig,0,C0-SemIrrig,1,64.3,9,4,1
2020-06-22,2020,22,33.09,1.846,0.14,29.9,0.0,0,C0-SemIrrig,0,C0-SemIrrig,1,50.0,7,4,3
2020-06-23,2020,23,31.84,-1.251,0.15,29.8,0.0,0,C0-SemIrrig,0,C0-SemIrrig,1,57.1,8,4,2
2020-06-24,2020,24,33.58,1.739,1.86,29.7,0.0,0,C0-SemIrrig,0,C0-SemIrrig,1,50.0,7,4,3
2020-06-25,2020,25,32.27,-1.307,1.88,30.1,0.0,0,C0-SemIrrig,0,C0-SemIrrig,1,57.1,8,4,2
2020-06-26,2020,26,34.1,1.826,1.75,30.1,0.0,0,C0-SemIrrig,0,C0-SemIrrig,1,50.0,7,4,3
2020-06-27,2020,27,35.97,1.874,0.02,30.3,0.0,0,C0-SemIrrig,0,C0-SemIrrig,1,50.0,7,4,3
2020-06-28,2020,28,35.11,-0.863,0.0,30.6,0.0,0,C0-SemIrrig,0,C0-SemIrrig,1,50.0,7,5,2
2020-06-29,2020,29,37.25,2.141,0.12,30.7,0.0,0,C0-SemIrrig,0,C0-SemIrrig,1,50.0,7,4,3
2020-06-30,2020,30,39.56,2.31,0.13,30.7,0.0,0,C0-SemIrrig,0,C0-SemIrrig,1,42.9,6,3,5
2020-07-01,2020,31,38.54,-1.014,0.18,30.7,0.0,0,C0-SemIrrig,0,C0-SemIrrig,1,50.0,7,5,2
2020-07-02,2020,32,41.32,2.776,0.07,30.5,0.0,0,C0-SemIrrig,2,C2-Intensiva,0,42.9,5,3,6
2020-07-03,2020,33,44.37,3.051,1.51,30.9,0.0,0,C0-SemIrrig,2,C2-Intensiva,0,42.9,5,3,6
2020-07-04,2020,34,47.66,3.286,2.04,31.2,40.38,2,C2-Intensiva,2,C2-Intensiva,1,42.9,5,3,6
2020-07-05,2020,35,14.38,-33.276,2.03,31.2,0.0,0,C0-SemIrrig,0,C0-SemIrrig,1,100.0,14,0,0
2020-07-06,2020,36,16.29,1.908,0.58,31.2,0.0,0,C0-SemIrrig,0,C0-SemIrrig,1,71.4,10,3,1
2020-07-07,2020,37,18.53,2.243,0.01,31.0,0.0,0,C0-SemIrrig,0,C0-SemIrrig,1,64.3,9,4,1
2020-07-08,2020,38,20.45,1.924,0.01,31.0,0.0,0,C0-SemIrrig,0,C0-SemIrrig,1,64.3,9,4,1
2020-07-09,2020,39,22.78,2.33,0.01,31.4,0.0,0,C0-SemIrrig,0,C0-SemIrrig,1,64.3,9,4,1
2020-07-10,2020,40,23.87,1.082,0.4,31.4,0.0,0,C0-SemIrrig,0,C0-SemIrrig,1,64.3,9,4,1
2020-07-11,2020,41,26.09,2.219,0.92,31.4,0.0,0,C0-SemIrrig,0,C0-SemIrrig,1,50.0,7,6,1
2020-07-12,2020,42,28.45,2.368,0.94,31.6,0.0,0,C0-SemIrrig,0,C0-SemIrrig,1,42.9,6,6,2
2020-07-13,2020,43,31.75,3.295,0.54,31.6,0.0,0,C0-SemIrrig,1,C1-Manutencao,0,42.9,5,6,3
2020-07-14,2020,44,35.48,3.73,0.11,31.6,0.0,0,C0-SemIrrig,0,C0-SemIrrig,1,35.7,5,5,4
2020-07-15,2020,45,39.43,3.955,0.1,31.7,0.0,0,C0-SemIrrig,2,C2-Intensiva,0,42.9,4,4,6
2020-07-16,2020,46,43.9,4.472,0.1,31.7,0.0,0,C0-SemIrrig,2,C2-Intensiva,0,42.9,4,4,6
2020-07-17,2020,47,45.58,1.67,0.34,31.7,48.77,2,C2-Intensiva,2,C2-Intensiva,1,42.9,4,4,6
2020-07-18,2020,48,14.53,-31.048,0.36,31.8,0.0,0,C0-SemIrrig,0,C0-SemIrrig,1,100.0,14,0,0
2020-07-19,2020,49,16.32,1.793,0.36,31.9,0.0,0,C0-SemIrrig,0,C0-SemIrrig,1,57.1,8,5,1
2020-07-20,2020,50,18.15,1.835,0.03,31.9,0.0,0,C0-SemIrrig,0,C0-SemIrrig,1,57.1,8,5,1
2020-07-21,2020,51,20.14,1.989,0.0,31.9,0.0,0,C0-SemIrrig,0,C0-SemIrrig,1,50.0,7,6,1
2020-07-22,2020,52,22.35,2.209,0.0,31.7,0.0,0,C0-SemIrrig,0,C0-SemIrrig,1,50.0,7,6,1
2020-07-23,2020,53,24.86,2.505,0.0,32.3,0.0,0,C0-SemIrrig,0,C0-SemIrrig,1,50.0,7,6,1
2020-07-24,2020,54,27.79,2.935,0.0,32.5,0.0,0,C0-SemIrrig,1,C1-Manutencao,0,57.1,5,8,1
2020-07-25,2020,55,31.18,3.388,0.0,32.5,0.0,0,C0-SemIrrig,1,C1-Manutencao,0,64.3,4,9,1
2020-07-26,2020,56,35.29,4.113,0.0,32.5,0.0,0,C0-SemIrrig,1,C1-Manutencao,0,42.9,3,6,5
2020-07-27,2020,57,40.25,4.96,0.0,32.4,0.0,0,C0-SemIrrig,2,C2-Intensiva,0,50.0,4,3,7
2020-07-28,2020,58,46.04,5.785,0.0,32.4,51.62,2,C2-Intensiva,2,C2-Intensiva,1,50.0,5,2,7
2020-07-29,2020,59,14.52,-31.514,0.0,32.2,0.0,0,C0-SemIrrig,0,C0-SemIrrig,1,100.0,14,0,0
2020-07-30,2020,60,16.29,1.763,0.0,33.2,0.0,0,C0-SemIrrig,0,C0-SemIrrig,1,78.6,11,3,0
2020-07-31,2020,61,18.34,2.058,0.0,33.4,0.0,0,C0-SemIrrig,0,C0-SemIrrig,1,64.3,9,5,0
2020-08-01,2020,62,21.14,2.794,0.0,33.4,0.0,0,C0-SemIrrig,0,C0-SemIrrig,1,50.0,7,6,1
2020-08-02,2020,63,24.19,3.054,0.0,33.4,0.0,0,C0-SemIrrig,1,C1-Manutencao,0,50.0,6,7,1
2020-08-03,2020,64,27.61,3.419,0.0,33.1,0.0,0,C0-SemIrrig,1,C1-Manutencao,0,64.3,4,9,1
2020-08-04,2020,65,31.78,4.166,0.0,33.3,37.83,2,C2-Intensiva,1,C1-Manutencao,0,71.4,2,10,2
2020-08-05,2020,66,14.74,-17.036,0.0,33.5,0.0,0,C0-SemIrrig,0,C0-SemIrrig,1,100.0,14,0,0
2020-08-06,2020,67,16.8,2.062,0.0,33.5,0.0,0,C0-SemIrrig,0,C0-SemIrrig,1,78.6,11,3,0
2020-08-07,2020,68,19.32,2.514,0.0,34.1,0.0,0,C0-SemIrrig,0,C0-SemIrrig,1,71.4,10,4,0
2020-08-08,2020,69,22.33,3.009,0.0,34.1,0.0,0,C0-SemIrrig,1,C1-Manutencao,0,57.1,6,8,0
2020-08-09,2020,70,25.89,3.566,0.0,34.6,0.0,0,C0-SemIrrig,1,C1-Manutencao,0,64.3,5,9,0
2020-08-10,2020,71,30.31,4.423,0.0,35.1,36.75,2,C2-Intensiva,1,C1-Manutencao,0,50.0,2,7,5
2020-08-11,2020,72,14.47,-15.849,0.0,35.2,0.0,0,C0-SemIrrig,0,C0-SemIrrig,1,100.0,14,0,0
2020-08-12,2020,73,16.48,2.011,0.0,35.3,0.0,0,C0-SemIrrig,0,C0-SemIrrig,1,92.9,13,1,0
2020-08-13,2020,74,18.94,2.464,0.0,35.6,0.0,0,C0-SemIrrig,0,C0-SemIrrig,1,92.9,13,1,0
2020-08-14,2020,75,21.62,2.675,0.0,35.6,0.0,0,C0-SemIrrig,0,C0-SemIrrig,1,78.6,11,3,0
2020-08-15,2020,76,24.84,3.224,0.0,35.6,0.0,0,C0-SemIrrig,0,C0-SemIrrig,1,50.0,7,5,2
2020-08-16,2020,77,28.51,3.676,0.0,36.3,0.0,0,C0-SemIrrig,2,C2-Intensiva,0,42.9,3,5,6
2020-08-17,2020,78,33.41,4.89,0.0,36.8,40.38,2,C2-Intensiva,2,C2-Intensiva,1,50.0,2,5,7
2020-08-18,2020,79,14.7,-18.71,0.0,36.8,0.0,0,C0-SemIrrig,0,C0-SemIrrig,1,100.0,14,0,0
2020-08-19,2020,80,16.7,2.0,0.0,36.8,0.0,0,C0-SemIrrig,0,C0-SemIrrig,1,100.0,14,0,0
2020-08-20,2020,81,19.15,2.45,0.0,37.1,0.0,0,C0-SemIrrig,0,C0-SemIrrig,1,100.0,14,0,0
2020-08-21,2020,82,22.16,3.014,0.0,37.2,0.0,0,C0-SemIrrig,0,C0-SemIrrig,1,100.0,14,0,0
2020-08-22,2020,83,25.84,3.681,0.0,37.2,0.0,0,C0-SemIrrig,0,C0-SemIrrig,1,64.3,9,2,3
2020-08-23,2020,84,29.17,3.33,1.6,37.2,0.0,0,C0-SemIrrig,2,C2-Intensiva,0,50.0,2,5,7
2020-08-24,2020,85,31.42,2.246,1.74,36.4,36.25,2,C2-Intensiva,1,C1-Manutencao,0,85.7,1,12,1
2020-08-25,2020,86,14.79,-16.622,1.76,35.9,0.0,0,C0-SemIrrig,0,C0-SemIrrig,1,100.0,14,0,0
2020-08-26,2020,87,16.44,1.646,0.16,36.4,0.0,0,C0-SemIrrig,0,C0-SemIrrig,1,100.0,14,0,0
2020-08-27,2020,88,18.79,2.351,2.36,36.4,0.0,0,C0-SemIrrig,0,C0-SemIrrig,1,100.0,14,0,0
2020-08-28,2020,89,20.2,1.408,2.59,36.4,0.0,0,C0-SemIrrig,0,C0-SemIrrig,1,100.0,14,0,0
2020-08-29,2020,90,22.55,2.356,2.59,36.4,0.0,0,C0-SemIrrig,0,C0-SemIrrig,1,92.9,13,1,0
2020-08-30,2020,91,25.36,2.802,0.25,36.5,0.0,0,C0-SemIrrig,0,C0-SemIrrig,1,64.3,9,2,3
2020-08-31,2020,92,29.14,3.784,0.0,36.9,0.0,0,C0-SemIrrig,0,C0-SemIrrig,1,35.7,5,4,5
2020-09-01,2020,93,33.67,4.53,0.0,36.9,0.0,0,C0-SemIrrig,2,C2-Intensiva,0,42.9,5,3,6
2020-09-02,2020,94,38.99,5.321,0.0,36.9,0.0,0,C0-SemIrrig,0,C0-SemIrrig,1,64.3,9,3,2
2020-09-03,2020,95,45.47,6.482,0.0,36.5,0.0,0,C0-SemIrrig,0,C0-SemIrrig,1,64.3,9,0,5
2020-09-04,2020,96,53.21,7.734,0.0,36.7,0.0,0,C0-SemIrrig,0,C0-SemIrrig,1,57.1,8,0,6
2020-09-05,2020,97,61.65,8.448,0.02,37.4,61.99,2,C2-Intensiva,2,C2-Intensiva,1,100.0,0,0,14
2020-09-06,2020,98,14.78,-46.878,0.02,37.4,0.0,0,C0-SemIrrig,0,C0-SemIrrig,1,100.0,14,0,0
2020-09-07,2020,99,17.11,2.332,0.02,37.4,0.0,0,C0-SemIrrig,0,C0-SemIrrig,1,100.0,14,0,0
2020-09-08,2020,100,19.83,2.724,0.09,38.4,0.0,0,C0-SemIrrig,0,C0-SemIrrig,1,100.0,14,0,0
2020-09-09,2020,101,22.63,2.797,0.11,38.4,0.0,0,C0-SemIrrig,0,C0-SemIrrig,1,100.0,14,0,0
2020-09-10,2020,102,25.4,2.769,0.11,38.4,0.0,0,C0-SemIrrig,0,C0-SemIrrig,1,85.7,12,2,0
2020-09-11,2020,103,28.87,3.466,0.02,37.8,0.0,0,C0-SemIrrig,0,C0-SemIrrig,1,50.0,7,5,2
2020-09-12,2020,104,32.41,3.548,0.0,37.8,0.0,0,C0-SemIrrig,0,C0-SemIrrig,1,42.9,6,6,2
2020-09-13,2020,105,36.38,3.969,0.0,37.7,0.0,0,C0-SemIrrig,0,C0-SemIrrig,1,42.9,6,6,2
2020-09-14,2020,106,40.76,4.38,0.0,37.7,0.0,0,C0-SemIrrig,0,C0-SemIrrig,1,64.3,9,3,2
2020-09-15,2020,107,46.05,5.288,0.0,37.6,0.0,0,C0-SemIrrig,0,C0-SemIrrig,1,78.6,11,1,2
2021-06-14,2021,14,30.71,0.0,1.32,30.4,0.0,0,C0-SemIrrig,0,C0-SemIrrig,1,64.3,9,4,1
2021-06-15,2021,15,30.71,0.0,1.47,31.3,0.0,0,C0-SemIrrig,0,C0-SemIrrig,1,64.3,9,4,1
2021-06-16,2021,16,29.89,-0.82,1.48,32.9,0.0,0,C0-SemIrrig,0,C0-SemIrrig,1,78.6,11,2,1
2021-06-17,2021,17,32.06,2.173,0.46,32.9,0.0,0,C0-SemIrrig,0,C0-SemIrrig,1,78.6,11,1,2
2021-06-18,2021,18,31.02,-1.04,0.4,32.9,0.0,0,C0-SemIrrig,0,C0-SemIrrig,1,78.6,11,2,1
2021-06-19,2021,19,32.88,1.856,0.4,32.4,0.0,0,C0-SemIrrig,0,C0-SemIrrig,1,71.4,10,2,2
2021-06-20,2021,20,31.72,-1.158,0.1,33.2,0.0,0,C0-SemIrrig,0,C0-SemIrrig,1,78.6,11,2,1
2021-06-21,2021,21,30.71,-1.009,0.06,33.4,0.0,0,C0-SemIrrig,0,C0-SemIrrig,1,78.6,11,2,1
2021-06-22,2021,22,32.43,1.719,0.07,33.4,0.0,0,C0-SemIrrig,0,C0-SemIrrig,1,78.6,11,1,2
2021-06-23,2021,23,34.21,1.78,0.48,33.4,0.0,0,C0-SemIrrig,0,C0-SemIrrig,1,71.4,10,2,2
2021-06-24,2021,24,33.13,-1.084,5.5,33.0,0.0,0,C0-SemIrrig,0,C0-SemIrrig,1,78.6,11,2,1
2021-06-25,2021,25,31.88,-1.252,5.89,32.7,0.0,0,C0-SemIrrig,0,C0-SemIrrig,1,78.6,11,2,1
2021-06-26,2021,26,31.1,-0.78,5.51,32.3,0.0,0,C0-SemIrrig,0,C0-SemIrrig,1,71.4,10,3,1
2021-06-27,2021,27,33.03,1.93,0.44,32.5,0.0,0,C0-SemIrrig,0,C0-SemIrrig,1,64.3,9,3,2
2021-06-28,2021,28,35.33,2.307,0.04,33.3,0.0,0,C0-SemIrrig,0,C0-SemIrrig,1,71.4,10,2,2
2021-06-29,2021,29,35.03,-0.299,0.01,33.3,0.0,0,C0-SemIrrig,0,C0-SemIrrig,1,71.4,10,3,1
2021-06-30,2021,30,37.74,2.711,0.01,33.5,0.0,0,C0-SemIrrig,0,C0-SemIrrig,1,50.0,7,3,4
2021-07-01,2021,31,40.73,2.987,0.01,34.1,0.0,0,C0-SemIrrig,0,C0-SemIrrig,1,50.0,7,2,5
2021-07-02,2021,32,44.28,3.545,0.72,34.1,0.0,0,C0-SemIrrig,2,C2-Intensiva,0,50.0,6,1,7
2021-07-03,2021,33,43.96,-0.317,0.96,34.1,39.12,2,C2-Intensiva,0,C0-SemIrrig,0,57.1,8,3,3
2021-07-04,2021,34,14.99,-28.974,1.05,33.2,0.0,0,C0-SemIrrig,0,C0-SemIrrig,1,100.0,14,0,0
2021-07-05,2021,35,17.07,2.086,0.44,33.8,0.0,0,C0-SemIrrig,0,C0-SemIrrig,1,85.7,12,2,0
2021-07-06,2021,36,18.36,1.286,0.25,34.4,0.0,0,C0-SemIrrig,0,C0-SemIrrig,1,85.7,12,2,0
2021-07-07,2021,37,21.02,2.666,0.17,34.4,0.0,0,C0-SemIrrig,0,C0-SemIrrig,1,78.6,11,3,0
2021-07-08,2021,38,23.58,2.559,0.08,34.4,0.0,0,C0-SemIrrig,0,C0-SemIrrig,1,71.4,10,3,1
2021-07-09,2021,39,26.23,2.641,0.11,34.1,0.0,0,C0-SemIrrig,0,C0-SemIrrig,1,64.3,9,4,1
2021-07-10,2021,40,29.24,3.019,0.19,34.1,0.0,0,C0-SemIrrig,0,C0-SemIrrig,1,57.1,8,5,1
2021-07-11,2021,41,30.8,1.552,0.27,34.1,0.0,0,C0-SemIrrig,0,C0-SemIrrig,1,57.1,8,5,1
2021-07-12,2021,42,33.82,3.021,0.2,34.5,0.0,0,C0-SemIrrig,0,C0-SemIrrig,1,42.9,6,4,4
2021-07-13,2021,43,37.72,3.899,0.1,34.7,0.0,0,C0-SemIrrig,2,C2-Intensiva,0,50.0,4,3,7
2021-07-14,2021,44,42.78,5.065,0.09,35.0,45.27,2,C2-Intensiva,2,C2-Intensiva,1,71.4,2,2,10
2021-07-15,2021,45,14.91,-27.871,0.17,35.0,0.0,0,C0-SemIrrig,0,C0-SemIrrig,1,100.0,14,0,0
2021-07-16,2021,46,16.87,1.956,0.26,35.0,0.0,0,C0-SemIrrig,0,C0-SemIrrig,1,78.6,11,3,0
2021-07-17,2021,47,18.09,1.228,0.2,34.8,0.0,0,C0-SemIrrig,0,C0-SemIrrig,1,71.4,10,4,0
2021-07-18,2021,48,20.08,1.991,0.44,34.8,0.0,0,C0-SemIrrig,0,C0-SemIrrig,1,71.4,10,4,0
2021-07-19,2021,49,22.31,2.222,0.41,35.0,0.0,0,C0-SemIrrig,0,C0-SemIrrig,1,64.3,9,5,0
2021-07-20,2021,50,24.83,2.524,0.48,35.9,0.0,0,C0-SemIrrig,0,C0-SemIrrig,1,57.1,8,6,0
2021-07-21,2021,51,27.38,2.551,0.51,35.9,0.0,0,C0-SemIrrig,1,C1-Manutencao,0,57.1,5,8,1
2021-07-22,2021,52,30.17,2.785,0.47,35.9,0.0,0,C0-SemIrrig,1,C1-Manutencao,0,71.4,2,10,2
2021-07-23,2021,53,34.32,4.158,0.38,35.4,0.0,0,C0-SemIrrig,1,C1-Manutencao,0,50.0,2,7,5
2021-07-24,2021,54,39.6,5.275,0.02,35.4,0.0,0,C0-SemIrrig,2,C2-Intensiva,0,78.6,2,1,11
2021-07-25,2021,55,45.88,6.283,0.0,35.0,52.05,2,C2-Intensiva,2,C2-Intensiva,1,71.4,3,1,10
2021-07-26,2021,56,14.58,-31.308,0.0,35.4,0.0,0,C0-SemIrrig,0,C0-SemIrrig,1,100.0,14,0,0
2021-07-27,2021,57,16.73,2.155,0.01,35.6,0.0,0,C0-SemIrrig,0,C0-SemIrrig,1,92.9,13,1,0
2021-07-28,2021,58,19.09,2.357,0.57,36.0,0.0,0,C0-SemIrrig,0,C0-SemIrrig,1,78.6,11,3,0
2021-07-29,2021,59,21.38,2.291,1.53,36.0,0.0,0,C0-SemIrrig,0,C0-SemIrrig,1,71.4,10,4,0
2021-07-30,2021,60,23.63,2.251,2.44,36.0,0.0,0,C0-SemIrrig,0,C0-SemIrrig,1,57.1,8,6,0
2021-07-31,2021,61,25.63,2.006,3.85,34.6,0.0,0,C0-SemIrrig,1,C1-Manutencao,0,71.4,3,10,1
2021-08-01,2021,62,27.18,1.541,4.14,34.6,0.0,0,C0-SemIrrig,1,C1-Manutencao,0,71.4,3,10,1
2021-08-02,2021,63,30.16,2.983,3.22,34.9,0.0,0,C0-SemIrrig,1,C1-Manutencao,0,71.4,2,10,2
2021-08-03,2021,64,35.36,5.2,1.25,35.8,42.62,2,C2-Intensiva,2,C2-Intensiva,1,57.1,4,2,8
2021-08-04,2021,65,14.7,-20.664,0.0,36.2,0.0,0,C0-SemIrrig,0,C0-SemIrrig,1,100.0,14,0,0
2021-08-05,2021,66,16.86,2.169,0.0,36.2,0.0,0,C0-SemIrrig,0,C0-SemIrrig,1,92.9,13,1,0
2021-08-06,2021,67,19.52,2.658,0.0,36.2,0.0,0,C0-SemIrrig,0,C0-SemIrrig,1,92.9,13,1,0
2021-08-07,2021,68,22.71,3.191,0.0,36.0,0.0,0,C0-SemIrrig,0,C0-SemIrrig,1,71.4,10,4,0
2021-08-08,2021,69,26.64,3.927,0.0,36.0,0.0,0,C0-SemIrrig,0,C0-SemIrrig,1,42.9,6,5,3
2021-08-09,2021,70,31.56,4.914,0.0,36.4,38.71,2,C2-Intensiva,2,C2-Intensiva,1,57.1,2,4,8
2021-08-10,2021,71,14.59,-16.961,0.0,37.3,0.0,0,C0-SemIrrig,0,C0-SemIrrig,1,100.0,14,0,0
2021-08-11,2021,72,16.86,2.266,0.02,37.3,0.0,0,C0-SemIrrig,0,C0-SemIrrig,1,100.0,14,0,0
2021-08-12,2021,73,19.12,2.258,0.1,37.3,0.0,0,C0-SemIrrig,0,C0-SemIrrig,1,100.0,14,0,0
2021-08-13,2021,74,21.35,2.229,0.19,37.2,0.0,0,C0-SemIrrig,0,C0-SemIrrig,1,100.0,14,0,0
2021-08-14,2021,75,23.79,2.438,0.18,35.7,0.0,0,C0-SemIrrig,0,C0-SemIrrig,1,50.0,7,6,1
2021-08-15,2021,76,26.61,2.822,0.1,37.5,0.0,0,C0-SemIrrig,0,C0-SemIrrig,1,42.9,6,3,5
2021-08-16,2021,77,30.33,3.723,0.01,37.5,36.35,2,C2-Intensiva,2,C2-Intensiva,1,50.0,1,6,7
2021-08-17,2021,78,14.37,-15.963,0.0,37.5,0.0,0,C0-SemIrrig,0,C0-SemIrrig,1,100.0,14,0,0
2021-08-18,2021,79,16.35,1.987,0.0,37.0,0.0,0,C0-SemIrrig,0,C0-SemIrrig,1,100.0,14,0,0
2021-08-19,2021,80,19.17,2.819,0.0,37.0,0.0,0,C0-SemIrrig,0,C0-SemIrrig,1,100.0,14,0,0
2021-08-20,2021,81,22.4,3.229,0.0,37.5,0.0,0,C0-SemIrrig,0,C0-SemIrrig,1,100.0,14,0,0
2021-08-21,2021,82,26.39,3.993,0.0,37.5,0.0,0,C0-SemIrrig,0,C0-SemIrrig,1,50.0,7,2,5
2021-08-22,2021,83,30.92,4.529,0.0,37.8,37.52,2,C2-Intensiva,2,C2-Intensiva,1,64.3,2,3,9
2021-08-23,2021,84,14.56,-16.368,0.0,38.2,0.0,0,C0-SemIrrig,0,C0-SemIrrig,1,100.0,14,0,0
2021-08-24,2021,85,16.76,2.205,1.33,38.2,0.0,0,C0-SemIrrig,0,C0-SemIrrig,1,100.0,14,0,0
2021-08-25,2021,86,18.28,1.516,1.87,38.2,0.0,0,C0-SemIrrig,0,C0-SemIrrig,1,100.0,14,0,0
2021-08-26,2021,87,20.38,2.1,2.29,37.3,0.0,0,C0-SemIrrig,0,C0-SemIrrig,1,100.0,14,0,0
2021-08-27,2021,88,22.69,2.315,1.83,36.6,0.0,0,C0-SemIrrig,0,C0-SemIrrig,1,92.9,13,1,0
2021-08-28,2021,89,24.85,2.154,1.6,36.9,0.0,0,C0-SemIrrig,0,C0-SemIrrig,1,71.4,10,2,2
2021-08-29,2021,90,28.2,3.359,1.19,38.4,0.0,0,C0-SemIrrig,0,C0-SemIrrig,1,50.0,7,3,4
2021-08-30,2021,91,32.37,4.166,0.32,38.4,0.0,0,C0-SemIrrig,2,C2-Intensiva,0,50.0,5,2,7
2021-08-31,2021,92,36.67,4.295,0.66,38.4,0.0,0,C0-SemIrrig,0,C0-SemIrrig,1,50.0,7,3,4
2021-09-01,2021,93,40.92,4.253,1.6,37.4,0.0,0,C0-SemIrrig,0,C0-SemIrrig,1,64.3,9,3,2
2021-09-02,2021,94,44.54,3.624,4.2,34.7,0.0,0,C0-SemIrrig,0,C0-SemIrrig,1,50.0,7,4,3
2021-09-03,2021,95,46.56,2.015,4.32,36.4,0.0,0,C0-SemIrrig,0,C0-SemIrrig,1,50.0,7,5,2
2021-09-04,2021,96,52.05,5.495,3.38,36.4,0.0,0,C0-SemIrrig,0,C0-SemIrrig,1,64.3,9,0,5
2021-09-05,2021,97,58.26,6.209,0.78,37.6,0.0,0,C0-SemIrrig,0,C0-SemIrrig,1,50.0,7,0,7
2021-09-06,2021,98,67.74,9.481,0.64,37.6,64.64,2,C2-Intensiva,2,C2-Intensiva,1,100.0,0,0,14
2021-09-07,2021,99,14.49,-53.253,0.92,37.6,0.0,0,C0-SemIrrig,0,C0-SemIrrig,1,100.0,14,0,0
2021-09-08,2021,100,15.88,1.388,0.93,37.3,0.0,0,C0-SemIrrig,0,C0-SemIrrig,1,100.0,14,0,0
2021-09-09,2021,101,17.68,1.798,0.3,37.6,0.0,0,C0-SemIrrig,0,C0-SemIrrig,1,100.0,14,0,0
2021-09-10,2021,102,19.56,1.887,0.01,37.9,0.0,0,C0-SemIrrig,0,C0-SemIrrig,1,100.0,14,0,0
2021-09-11,2021,103,21.28,1.712,0.89,37.9,0.0,0,C0-SemIrrig,0,C0-SemIrrig,1,100.0,14,0,0
2021-09-12,2021,104,23.24,1.963,2.24,37.9,0.0,0,C0-SemIrrig,0,C0-SemIrrig,1,100.0,14,0,0
2021-09-13,2021,105,24.72,1.478,2.26,37.5,0.0,0,C0-SemIrrig,0,C0-SemIrrig,1,85.7,12,2,0
2022-06-14,2022,14,13.3,0.0,4.03,28.6,0.0,0,C0-SemIrrig,0,C0-SemIrrig,1,71.4,10,3,1
2022-06-15,2022,15,13.3,0.0,4.14,28.6,0.0,0,C0-SemIrrig,0,C0-SemIrrig,1,71.4,10,3,1
2022-06-16,2022,16,15.63,2.322,4.15,28.6,0.0,0,C0-SemIrrig,0,C0-SemIrrig,1,71.4,10,3,1
2022-06-17,2022,17,18.55,2.922,0.12,29.6,0.0,0,C0-SemIrrig,0,C0-SemIrrig,1,71.4,10,3,1
2022-06-18,2022,18,19.15,0.597,0.01,30.0,0.0,0,C0-SemIrrig,0,C0-SemIrrig,1,71.4,10,3,1
2022-06-19,2022,19,21.22,2.076,0.02,30.0,0.0,0,C0-SemIrrig,0,C0-SemIrrig,1,71.4,10,3,1
2022-06-20,2022,20,21.86,0.641,0.15,30.0,0.0,0,C0-SemIrrig,0,C0-SemIrrig,1,71.4,10,3,1
2022-06-21,2022,21,23.84,1.982,0.44,29.5,0.0,0,C0-SemIrrig,0,C0-SemIrrig,1,71.4,10,3,1
2022-06-22,2022,22,23.48,-0.363,0.45,29.3,0.0,0,C0-SemIrrig,0,C0-SemIrrig,1,71.4,10,3,1
2022-06-23,2022,23,25.1,1.621,0.32,29.3,0.0,0,C0-SemIrrig,0,C0-SemIrrig,1,64.3,9,3,2
2022-06-24,2022,24,24.67,-0.433,0.03,29.8,0.0,0,C0-SemIrrig,0,C0-SemIrrig,1,71.4,10,3,1
2022-06-25,2022,25,26.28,1.61,0.0,29.8,0.0,0,C0-SemIrrig,0,C0-SemIrrig,1,50.0,7,5,2
2022-06-26,2022,26,28.11,1.834,0.0,29.8,0.0,0,C0-SemIrrig,0,C0-SemIrrig,1,50.0,7,5,2
2022-06-27,2022,27,27.56,-0.555,0.0,29.7,0.0,0,C0-SemIrrig,0,C0-SemIrrig,1,50.0,7,5,2
2022-06-28,2022,28,29.32,1.762,0.0,29.8,0.0,0,C0-SemIrrig,0,C0-SemIrrig,1,50.0,7,5,2
2022-06-29,2022,29,31.19,1.872,0.0,30.1,0.0,0,C0-SemIrrig,0,C0-SemIrrig,1,50.0,7,4,3
2022-06-30,2022,30,30.78,-0.414,0.01,30.1,0.0,0,C0-SemIrrig,0,C0-SemIrrig,1,50.0,7,5,2
2022-07-01,2022,31,32.89,2.114,3.85,30.1,0.0,0,C0-SemIrrig,0,C0-SemIrrig,1,42.9,6,5,3
2022-07-02,2022,32,32.76,-0.133,5.51,30.1,0.0,0,C0-SemIrrig,0,C0-SemIrrig,1,42.9,6,6,2
2022-07-03,2022,33,34.71,1.95,5.51,30.1,0.0,0,C0-SemIrrig,0,C0-SemIrrig,1,42.9,6,5,3
2022-07-04,2022,34,34.99,0.283,1.67,30.1,0.0,0,C0-SemIrrig,0,C0-SemIrrig,1,42.9,6,6,2
2022-07-05,2022,35,37.61,2.622,0.01,30.1,0.0,0,C0-SemIrrig,0,C0-SemIrrig,1,35.7,5,4,5
2022-07-06,2022,36,40.88,3.27,0.0,29.9,0.0,0,C0-SemIrrig,2,C2-Intensiva,0,42.9,5,3,6
2022-07-07,2022,37,44.67,3.782,0.0,29.9,40.87,2,C2-Intensiva,2,C2-Intensiva,1,42.9,5,3,6
2022-07-08,2022,38,14.91,-29.752,0.0,29.9,0.0,0,C0-SemIrrig,0,C0-SemIrrig,1,100.0,14,0,0
2022-07-09,2022,39,15.6,0.691,0.0,30.4,0.0,0,C0-SemIrrig,0,C0-SemIrrig,1,71.4,10,3,1
2022-07-10,2022,40,17.59,1.987,0.0,30.4,0.0,0,C0-SemIrrig,0,C0-SemIrrig,1,64.3,9,4,1
2022-07-11,2022,41,19.79,2.203,0.0,30.7,0.0,0,C0-SemIrrig,0,C0-SemIrrig,1,64.3,9,4,1
2022-07-12,2022,42,22.33,2.54,0.0,31.3,0.0,0,C0-SemIrrig,0,C0-SemIrrig,1,57.1,8,5,1
2022-07-13,2022,43,25.16,2.829,0.0,31.3,0.0,0,C0-SemIrrig,0,C0-SemIrrig,1,50.0,7,6,1
2022-07-14,2022,44,28.27,3.105,0.0,31.3,0.0,0,C0-SemIrrig,0,C0-SemIrrig,1,42.9,6,5,3
2022-07-15,2022,45,31.31,3.041,0.0,31.0,0.0,0,C0-SemIrrig,0,C0-SemIrrig,1,42.9,6,5,3
2022-07-16,2022,46,34.46,3.148,0.0,31.4,0.0,0,C0-SemIrrig,1,C1-Manutencao,0,42.9,5,6,3
2022-07-17,2022,47,35.99,1.536,0.0,31.8,0.0,0,C0-SemIrrig,1,C1-Manutencao,0,50.0,4,7,3
2022-07-18,2022,48,40.08,4.083,0.04,31.8,0.0,0,C0-SemIrrig,2,C2-Intensiva,0,42.9,4,4,6
2022-07-19,2022,49,44.1,4.029,0.04,31.8,48.08,2,C2-Intensiva,2,C2-Intensiva,1,42.9,4,4,6
2022-07-20,2022,50,14.58,-29.525,3.23,31.6,0.0,0,C0-SemIrrig,0,C0-SemIrrig,1,100.0,14,0,0
2022-07-21,2022,51,15.13,0.549,5.66,31.6,0.0,0,C0-SemIrrig,0,C0-SemIrrig,1,64.3,9,5,0
2022-07-22,2022,52,15.86,0.731,6.27,31.5,0.0,0,C0-SemIrrig,0,C0-SemIrrig,1,64.3,9,5,0
2022-07-23,2022,53,17.42,1.559,3.2,32.0,0.0,0,C0-SemIrrig,0,C0-SemIrrig,1,50.0,7,6,1
2022-07-24,2022,54,19.35,1.935,0.74,32.2,0.0,0,C0-SemIrrig,0,C0-SemIrrig,1,50.0,7,6,1
2022-07-25,2022,55,21.57,2.221,0.13,32.2,0.0,0,C0-SemIrrig,0,C0-SemIrrig,1,50.0,7,6,1
2022-07-26,2022,56,24.03,2.458,0.01,32.2,0.0,0,C0-SemIrrig,0,C0-SemIrrig,1,50.0,7,6,1
2022-07-27,2022,57,26.9,2.864,0.0,31.9,0.0,0,C0-SemIrrig,1,C1-Manutencao,0,50.0,6,7,1
2022-07-28,2022,58,30.14,3.239,1.15,32.5,0.0,0,C0-SemIrrig,1,C1-Manutencao,0,71.4,3,10,1
2022-07-29,2022,59,33.35,3.217,1.56,32.5,38.85,2,C2-Intensiva,1,C1-Manutencao,0,64.3,2,9,3
2022-07-30,2022,60,14.43,-18.922,1.64,32.5,0.0,0,C0-SemIrrig,0,C0-SemIrrig,1,100.0,14,0,0
2022-07-31,2022,61,15.76,1.327,4.4,31.3,0.0,0,C0-SemIrrig,0,C0-SemIrrig,1,64.3,9,5,0
2022-08-01,2022,62,15.72,-0.035,5.62,31.3,0.0,0,C0-SemIrrig,0,C0-SemIrrig,1,64.3,9,5,0
2022-08-02,2022,63,16.52,0.799,5.58,31.0,0.0,0,C0-SemIrrig,0,C0-SemIrrig,1,64.3,9,5,0
2022-08-03,2022,64,18.53,2.007,1.75,32.3,0.0,0,C0-SemIrrig,0,C0-SemIrrig,1,57.1,8,6,0
2022-08-04,2022,65,20.49,1.959,0.15,32.3,0.0,0,C0-SemIrrig,0,C0-SemIrrig,1,50.0,7,6,1
2022-08-05,2022,66,22.55,2.066,0.22,32.3,0.0,0,C0-SemIrrig,0,C0-SemIrrig,1,50.0,7,7,0
2022-08-06,2022,67,24.78,2.224,0.15,33.1,0.0,0,C0-SemIrrig,1,C1-Manutencao,0,57.1,5,8,1
2022-08-07,2022,68,27.78,3.001,0.12,33.1,0.0,0,C0-SemIrrig,1,C1-Manutencao,0,64.3,4,9,1
2022-08-08,2022,69,30.79,3.009,0.05,34.2,0.0,0,C0-SemIrrig,1,C1-Manutencao,0,71.4,1,10,3
2022-08-09,2022,70,35.03,4.244,0.08,34.2,41.59,2,C2-Intensiva,1,C1-Manutencao,0,71.4,1,10,3
2022-08-10,2022,71,14.53,-20.499,0.08,34.2,0.0,0,C0-SemIrrig,0,C0-SemIrrig,1,100.0,14,0,0
2022-08-11,2022,72,16.32,1.783,0.04,34.7,0.0,0,C0-SemIrrig,0,C0-SemIrrig,1,92.9,13,1,0
2022-08-12,2022,73,18.44,2.127,0.28,34.7,0.0,0,C0-SemIrrig,0,C0-SemIrrig,1,78.6,11,3,0
2022-08-13,2022,74,20.33,1.89,2.66,34.7,0.0,0,C0-SemIrrig,0,C0-SemIrrig,1,71.4,10,4,0
2022-08-14,2022,75,21.24,0.907,2.73,34.6,0.0,0,C0-SemIrrig,0,C0-SemIrrig,1,50.0,7,7,0
2022-08-15,2022,76,23.87,2.633,2.45,33.8,0.0,0,C0-SemIrrig,1,C1-Manutencao,0,64.3,5,9,0
2022-08-16,2022,77,27.18,3.302,0.07,34.5,0.0,0,C0-SemIrrig,1,C1-Manutencao,0,64.3,4,9,1
2022-08-17,2022,78,30.98,3.804,0.0,34.8,37.16,2,C2-Intensiva,1,C1-Manutencao,0,64.3,2,9,3
2022-08-18,2022,79,14.7,-16.284,0.58,34.8,0.0,0,C0-SemIrrig,0,C0-SemIrrig,1,100.0,14,0,0
2022-08-19,2022,80,16.28,1.584,0.67,35.0,0.0,0,C0-SemIrrig,0,C0-SemIrrig,1,92.9,13,1,0
2022-08-20,2022,81,18.5,2.219,0.67,35.1,0.0,0,C0-SemIrrig,0,C0-SemIrrig,1,92.9,13,1,0
2022-08-21,2022,82,20.94,2.439,0.09,35.1,0.0,0,C0-SemIrrig,0,C0-SemIrrig,1,78.6,11,3,0
2022-08-22,2022,83,23.97,3.036,0.0,35.1,0.0,0,C0-SemIrrig,0,C0-SemIrrig,1,64.3,9,4,1
2022-08-23,2022,84,27.28,3.305,0.0,34.5,0.0,0,C0-SemIrrig,1,C1-Manutencao,0,64.3,4,9,1
2022-08-24,2022,85,31.24,3.959,0.0,34.8,37.67,2,C2-Intensiva,1,C1-Manutencao,0,57.1,3,8,3
2022-08-25,2022,86,14.4,-16.842,0.0,35.2,0.0,0,C0-SemIrrig,0,C0-SemIrrig,1,100.0,14,0,0
2022-08-26,2022,87,16.11,1.712,0.0,35.2,0.0,0,C0-SemIrrig,0,C0-SemIrrig,1,92.9,13,1,0
2022-08-27,2022,88,18.44,2.332,0.0,35.4,0.0,0,C0-SemIrrig,0,C0-SemIrrig,1,100.0,14,0,0
2022-08-28,2022,89,21.38,2.945,0.0,36.0,0.0,0,C0-SemIrrig,0,C0-SemIrrig,1,92.9,13,1,0
2022-08-29,2022,90,24.82,3.438,0.0,36.8,0.0,0,C0-SemIrrig,0,C0-SemIrrig,1,64.3,9,2,3
2022-08-30,2022,91,29.38,4.558,0.0,36.8,0.0,0,C0-SemIrrig,0,C0-SemIrrig,1,35.7,5,4,5
2022-08-31,2022,92,33.73,4.353,0.0,36.8,0.0,0,C0-SemIrrig,2,C2-Intensiva,0,42.9,5,3,6
2022-09-01,2022,93,39.44,5.706,0.0,36.6,0.0,0,C0-SemIrrig,0,C0-SemIrrig,1,64.3,9,3,2
2022-09-02,2022,94,47.37,7.927,0.0,36.2,0.0,0,C0-SemIrrig,0,C0-SemIrrig,1,64.3,9,0,5
2022-09-03,2022,95,56.66,9.293,0.0,36.5,0.0,0,C0-SemIrrig,2,C2-Intensiva,0,57.1,6,0,8
2022-09-04,2022,96,66.42,9.763,0.0,37.6,64.81,2,C2-Intensiva,2,C2-Intensiva,1,100.0,0,0,14
2022-09-05,2022,97,14.62,-51.805,0.0,37.6,0.0,0,C0-SemIrrig,0,C0-SemIrrig,1,100.0,14,0,0
2022-09-06,2022,98,16.7,2.082,0.01,37.6,0.0,0,C0-SemIrrig,0,C0-SemIrrig,1,100.0,14,0,0
2022-09-07,2022,99,19.11,2.406,0.01,37.0,0.0,0,C0-SemIrrig,0,C0-SemIrrig,1,100.0,14,0,0
2022-09-08,2022,100,21.63,2.526,0.08,36.9,0.0,0,C0-SemIrrig,0,C0-SemIrrig,1,100.0,14,0,0
2022-09-09,2022,101,24.15,2.519,0.07,36.9,0.0,0,C0-SemIrrig,0,C0-SemIrrig,1,85.7,12,2,0
2022-09-10,2022,102,26.88,2.732,0.07,37.5,0.0,0,C0-SemIrrig,0,C0-SemIrrig,1,57.1,8,4,2
2022-09-11,2022,103,30.31,3.432,0.0,38.1,0.0,0,C0-SemIrrig,0,C0-SemIrrig,1,50.0,7,4,3
2022-09-12,2022,104,34.5,4.183,0.01,38.1,0.0,0,C0-SemIrrig,0,C0-SemIrrig,1,42.9,6,5,3
2022-09-13,2022,105,38.15,3.648,0.03,38.1,0.0,0,C0-SemIrrig,0,C0-SemIrrig,1,64.3,9,3,2
2022-09-14,2022,106,42.4,4.251,0.04,37.9,0.0,0,C0-SemIrrig,0,C0-SemIrrig,1,78.6,11,1,2
2022-09-15,2022,107,47.82,5.426,0.04,38.4,0.0,0,C0-SemIrrig,0,C0-SemIrrig,1,71.4,10,0,4
