date,tmax,tmin,prec,rs,rh,u2_obs,eto
2022-01-01,29.47,21.02,3.3,17.04,86.92,0.86,3.4765587202947885
2022-01-02,28.66,22.1,87.19,18.05,88.28,0.79,3.579235111940483
2022-01-03,26.52,22.7,24.35,9.26,92.27,0.85,2.048964549420776
2022-01-04,29.11,21.28,0.86,17.12,86.23,0.8,3.5062214736296307
2022-01-05,28.27,21.77,2.54,14.15,88.16,0.98,2.9702936318848066
2022-01-06,29.01,22.53,12.57,19.64,87.76,1.07,3.88023375278636
2022-01-07,29.16,21.66,2.92,21.79,87.38,0.99,4.184758086146688
2022-01-08,27.94,21.97,0.95,19.75,88.69,0.86,3.773617326858822
2022-01-09,28.76,21.93,1.23,15.83,88.29,0.67,3.2457830424147223
2022-01-10,26.63,22.26,3.11,15.6,89.5,0.43,3.080316967514233
2022-01-11,28.75,21.35,9.75,20.63,89.13,0.75,3.9096588234190897
2022-01-12,26.54,22.42,9.57,11.3,88.03,0.79,2.5146003305759583
2022-01-13,28.54,22.05,1.71,19.08,86.66,0.87,3.787595442386436
2022-01-14,27.61,21.18,5.37,22.27,89.3,0.81,4.065265855420123
2022-01-15,27.76,21.48,11.67,17.73,88.23,0.78,3.4633842049186088
2022-01-16,27.85,20.94,25.02,22.77,87.29,0.59,4.209244773705348
2022-01-17,29.53,21.0,4.54,20.2,87.0,0.8,3.956083638232903
2022-01-18,27.66,21.56,3.46,13.96,90.04,0.82,2.841507668818982
2022-01-19,29.24,20.42,0.33,19.9,88.41,0.92,3.8165995459912603
2022-01-20,29.29,21.45,0.1,22.91,86.98,0.93,4.3721332863354565
2022-01-21,30.16,21.71,0.03,22.32,84.75,0.86,4.436129620127023
2022-01-22,29.42,22.64,1.24,22.18,84.39,0.73,4.425380281897454
2022-01-23,27.71,22.67,10.65,20.71,90.59,0.82,3.8804271594648503
2022-01-24,28.83,22.38,3.96,16.23,87.8,1.06,3.352339866400203
2022-01-25,29.38,21.34,0.23,20.67,86.29,1.07,4.063120593810651
2022-01-26,26.27,21.88,6.05,17.53,91.67,0.79,3.2568904571913873
2022-01-27,27.22,21.94,25.35,6.75,89.23,0.52,1.8123004671091427
2022-01-28,26.61,20.79,1.24,13.94,88.97,0.9,2.8147509251663725
2022-01-29,26.87,20.69,7.38,13.01,89.1,0.84,2.6846962454046537
2022-01-30,27.36,21.1,5.23,20.61,89.45,0.9,3.8081620174690145
2022-01-31,28.65,21.56,6.96,15.37,87.78,0.67,3.18643397501017
2022-02-01,27.96,22.18,2.77,21.25,89.43,0.62,3.996581902861701
2022-02-02,28.98,22.28,2.28,21.09,88.32,0.97,4.0814659712847465
2022-02-03,27.96,22.55,1.52,20.59,89.41,0.8,3.91812669912684
2022-02-04,28.2,22.01,4.54,15.25,87.76,0.5,3.1664320437166373
2022-02-05,29.86,22.37,1.15,15.83,87.56,0.75,3.3555584866982517
2022-02-06,29.46,21.54,2.45,20.81,87.82,0.82,4.0515991959863324
2022-02-07,29.0,22.72,3.18,20.23,87.3,0.8,4.011627905556383
2022-02-08,29.94,22.73,0.73,19.75,84.81,0.48,4.08644077689592
2022-02-09,29.7,22.52,0.94,17.68,84.59,0.73,3.7525450878052222
2022-02-10,27.39,23.04,8.7,19.0,91.87,0.67,3.5843729872488694
2022-02-11,28.87,22.49,2.59,21.95,86.5,0.71,4.282728672282802
2022-02-12,29.29,20.54,2.7,21.24,85.42,1.03,4.141068613838159
2022-02-13,28.54,21.64,5.95,13.54,88.93,0.8,2.8689994648852495
2022-02-14,27.93,21.59,5.8,20.33,87.2,0.96,3.909996535044751
2022-02-15,28.71,21.49,7.16,17.38,88.39,0.88,3.468872298869225
2022-02-16,25.55,22.19,52.4,7.38,94.54,0.87,1.6567525117065525
2022-02-17,26.98,21.36,1.68,21.88,89.75,0.72,3.9788689901430656
2022-02-18,28.91,20.34,1.09,23.8,87.58,0.78,4.408837360620388
2022-02-19,25.74,22.46,23.0,14.2,90.02,0.81,2.840489883527468
2022-02-20,27.5,20.74,5.78,18.42,91.25,0.79,3.4224137554391207
2022-02-21,30.01,20.45,1.03,21.57,87.56,0.87,4.16097162749191
2022-02-22,29.63,22.55,3.88,19.14,87.69,0.98,3.8617545298457654
2022-02-23,28.09,22.7,6.65,17.45,88.97,1.11,3.4769280907561817
2022-02-24,29.19,22.1,1.84,21.26,88.97,0.72,4.093225397430286
2022-02-25,27.45,22.88,1.64,11.48,91.91,0.69,2.4367649374488165
2022-02-26,27.82,22.58,3.41,20.56,92.41,0.81,3.8050210007427103
2022-02-27,29.01,22.34,3.02,21.0,89.28,0.7,4.042462208087134
2022-02-28,27.75,22.14,15.32,19.45,91.56,0.98,3.6404116435768605
2022-03-01,28.0,21.01,3.14,19.7,90.76,0.59,3.6665289882016983
2022-03-02,27.15,22.43,0.49,13.15,91.91,0.71,2.6641067636992504
2022-03-03,27.84,21.61,8.37,18.26,91.01,0.81,3.4611504930429455
2022-03-04,29.45,21.94,6.62,17.58,85.48,0.59,3.6636696360693013
2022-03-05,27.08,22.11,22.57,20.96,91.07,0.7,3.840264646146193
2022-03-06,26.19,20.97,3.98,17.83,91.94,0.78,3.2504901573044855
2022-03-07,29.44,20.55,3.87,18.98,85.62,0.7,3.8053428784055825
2022-03-08,29.47,22.01,2.18,24.91,87.63,0.75,4.706059437885417
2022-03-09,29.73,21.76,3.25,14.95,88.09,0.99,3.1677207768943685
2022-03-10,29.33,21.14,11.71,13.72,86.43,0.73,3.0071915691653532
2022-03-11,26.75,22.67,5.04,16.65,92.21,0.8,3.1634385400412217
2022-03-12,28.27,22.34,1.74,22.82,90.19,0.69,4.231435873443693
2022-03-13,30.0,21.82,1.17,22.33,87.5,0.94,4.338125566768499
2022-03-14,29.87,22.78,0.6,18.91,86.7,0.92,3.8767106994953284
2022-03-15,27.93,22.13,27.39,14.92,89.28,0.84,3.044503872891992
2022-03-16,27.68,20.94,1.7,19.2,89.19,0.87,3.6154353161043855
2022-03-17,28.94,21.83,5.52,20.88,89.27,0.88,3.9799988576129883
2022-03-18,29.03,22.11,14.77,13.17,88.97,0.78,2.835982597754846
2022-03-19,26.38,22.04,2.43,15.0,91.33,0.82,2.905168751690172
2022-03-20,28.6,21.17,1.58,22.52,88.23,0.87,4.199582505350797
2022-03-21,29.98,21.5,0.91,20.24,85.17,0.82,4.073071719726228
2022-03-22,27.5,22.28,12.23,16.76,90.97,0.91,3.2341304622941487
2022-03-23,29.18,21.92,19.2,18.63,90.11,1.14,3.6189289450722537
2022-03-24,29.24,21.95,3.87,19.26,87.55,1.24,3.810516477814135
2022-03-25,29.69,22.24,4.27,19.1,85.21,0.64,3.9098513114067845
2022-03-26,28.85,21.98,1.93,20.0,87.35,1.13,3.903246800831805
2022-03-27,30.21,21.01,4.15,18.83,86.28,0.86,3.8030211824629983
2022-03-28,28.44,22.9,74.25,18.65,91.61,0.82,3.5637139334316
2022-03-29,27.99,22.32,10.81,18.02,90.93,0.8,3.440438083334846
2022-03-30,27.56,21.52,6.79,18.92,88.91,0.55,3.583666617880463
2022-03-31,29.01,22.32,4.14,16.32,89.91,0.56,3.2704828437127462
2022-04-01,29.14,23.04,2.3,20.85,87.72,0.68,4.079810652720081
2022-04-02,27.09,22.27,1.81,23.47,92.24,0.78,4.140932924078273
2022-04-03,29.26,21.69,7.44,18.6,89.83,1.05,3.6007269829257558
2022-04-04,29.02,21.68,13.45,18.29,89.38,0.92,3.5543137893078396
2022-04-05,29.02,21.93,2.1,17.05,88.9,0.85,3.394767020128909
2022-04-06,29.87,21.71,1.01,17.96,87.28,0.83,3.627297820086622
2022-04-07,29.77,22.41,4.73,20.87,87.92,1.09,4.071400836483016
2022-04-08,27.83,21.77,5.27,18.79,90.95,1.07,3.501424710889509
2022-04-09,29.22,21.83,9.86,19.28,89.63,0.75,3.7022268356466825
2022-04-10,28.07,22.46,6.53,19.91,88.72,0.66,3.787035975129631
2022-04-11,29.28,21.57,2.96,18.51,88.64,0.65,3.609376543133127
2022-04-12,28.58,22.02,9.21,19.34,89.25,0.94,3.6884445720102352
2022-04-13,28.72,22.68,5.73,19.27,89.83,0.81,3.6952862201978487
2022-04-14,28.79,22.17,0.2,20.3,89.24,0.84,3.8469055811506783
2022-04-15,29.49,22.48,0.75,22.02,88.36,0.87,4.195588735792697
2022-04-16,28.34,22.55,3.32,22.14,88.4,0.7,4.133735615313072
2022-04-17,28.7,22.25,10.11,16.64,90.34,0.69,3.2526845304381116
2022-04-18,29.01,22.07,10.97,18.77,88.5,0.5,3.64345245667983
2022-04-19,28.42,22.59,4.2,17.1,89.82,0.69,3.3357653727590457
2022-04-20,29.73,21.57,0.68,16.39,87.54,0.81,3.338886699577627
2022-04-21,30.22,22.44,0.05,19.12,85.35,0.84,3.8914919064001543
2022-04-22,29.08,23.53,13.95,16.9,88.36,0.89,3.4274834036984005
2022-04-23,26.9,22.07,3.94,9.11,91.89,0.85,2.004893778140649
2022-04-24,28.77,21.3,0.04,18.45,87.72,0.93,3.559163533333509
2022-04-25,29.89,21.74,0.01,22.06,87.6,1.02,4.1852826674582335
2022-04-26,29.13,22.07,0.04,19.22,87.61,0.96,3.7273842978702336
2022-04-27,28.55,21.98,0.4,20.93,88.75,0.83,3.8946185081888376
2022-04-28,28.04,21.88,0.37,20.62,89.54,0.9,3.782012011927251
2022-04-29,29.61,22.1,0.75,18.56,86.83,0.78,3.6800291388925883
2022-04-30,27.74,22.48,1.36,17.39,89.45,0.89,3.3242553430268873
2022-05-01,29.51,21.64,0.52,21.09,87.23,0.79,4.0034875847263995
2022-05-02,28.06,22.94,0.92,19.51,90.1,0.66,3.645134633625967
2022-05-03,29.35,22.42,5.94,17.57,90.82,0.78,3.3790074400942385
2022-05-04,29.24,22.71,6.06,17.63,88.8,0.73,3.4648272350186544
2022-05-05,29.51,22.25,2.74,22.36,88.68,0.89,4.163432474389501
2022-05-06,29.36,22.38,0.74,20.28,88.61,0.98,3.851015899309431
2022-05-07,28.67,22.14,1.18,18.88,88.64,0.89,3.586703151568907
2022-05-08,28.16,22.33,3.72,17.0,90.27,0.88,3.2341592670156567
2022-05-09,28.59,21.22,0.18,14.62,87.11,0.69,2.9846632608232233
2022-05-10,28.76,22.32,0.21,18.96,84.89,0.56,3.7328645563920566
2022-05-11,29.21,21.88,0.01,18.97,86.37,0.68,3.687700514661267
2022-05-12,28.83,21.85,0.79,16.19,87.99,0.82,3.2050125716009403
2022-05-13,29.22,22.4,1.29,18.48,89.15,0.93,3.539981715639023
2022-05-14,28.75,22.09,3.54,19.53,90.11,1.0,3.6141701390177787
2022-05-15,28.17,22.57,2.25,13.79,92.02,0.91,2.6978525679246497
2022-05-16,28.31,22.99,0.36,11.2,90.69,0.73,2.387901451964792
2022-05-17,28.25,22.73,0.02,19.15,90.2,0.79,3.549336904043735
2022-05-18,28.36,22.17,4.85,17.99,90.26,0.87,3.357040517704889
2022-05-19,23.69,18.77,2.64,18.93,85.05,0.91,3.2313682517035143
2022-05-20,22.04,19.19,0.05,17.59,88.3,0.83,2.901188014446627
2022-05-21,26.78,17.92,1.48,14.01,84.33,0.74,2.7804932743572532
2022-05-22,28.8,21.18,0.15,17.16,86.97,0.92,3.3266517864029326
2022-05-23,28.94,21.32,0.3,18.13,87.54,0.96,3.4548725983005015
2022-05-24,28.22,21.1,0.09,19.82,86.83,1.02,3.6562535056511822
2022-05-25,28.01,20.79,0.05,17.41,85.0,1.24,3.361127561272556
2022-05-26,28.93,19.82,0.0,18.98,86.23,1.12,3.5419275377083728
2022-05-27,27.98,20.89,0.0,20.26,87.13,1.25,3.6732029106392994
2022-05-28,28.64,20.45,0.0,22.06,85.26,1.08,3.997507816263843
2022-05-29,29.4,20.7,0.03,17.45,85.66,0.98,3.4132983728460915
2022-05-30,29.67,21.45,0.28,19.97,86.75,0.88,3.7797640891493907
2022-05-31,29.64,22.36,2.71,16.75,87.84,0.84,3.3180453029657606
2022-06-01,28.81,22.29,3.26,16.49,91.31,0.91,3.1064424113798923
2022-06-02,29.46,21.75,0.1,18.84,86.38,0.87,3.626944677328628
2022-06-03,26.65,22.42,6.95,18.1,90.84,0.53,3.2366034900597973
2022-06-04,25.62,21.71,4.55,15.34,93.15,0.55,2.699162975120057
2022-06-05,28.69,20.75,0.58,17.07,86.1,0.96,3.2945183369438635
2022-06-06,28.35,21.52,0.2,15.88,86.59,1.07,3.126263641593884
2022-06-07,28.96,20.94,0.05,18.14,84.63,0.78,3.5125655987827664
2022-06-08,28.93,21.35,0.26,18.25,86.65,0.77,3.4742683843092808
2022-06-09,28.98,21.5,0.41,18.82,87.12,0.84,3.546475394107152
2022-06-10,28.68,21.68,0.56,19.28,87.04,0.77,3.6015928669191863
2022-06-11,27.97,21.43,2.11,15.85,89.06,0.61,3.0057000782789998
2022-06-12,28.64,21.68,12.18,20.74,86.67,0.56,3.811058537621813
2022-06-13,28.77,22.2,12.82,17.86,87.98,0.58,3.398601801596833
2022-06-14,28.63,22.83,4.03,16.34,90.21,1.03,3.1235224062023
2022-06-15,28.23,21.27,0.11,18.68,87.35,1.21,3.4563039791364427
2022-06-16,28.61,19.96,0.01,21.12,87.2,1.02,3.7510116613361832
2022-06-17,29.55,20.59,0.0,20.09,85.67,0.92,3.7573968595998344
2022-06-18,29.98,20.99,0.0,21.06,84.89,0.9,3.9675743859052166
2022-06-19,29.48,21.09,0.02,19.77,85.33,0.9,3.7432927269472684
2022-06-20,29.33,21.21,0.13,17.64,84.38,0.92,3.4774668929302726
2022-06-21,28.84,19.44,0.29,20.04,84.82,1.21,3.672414089521385
2022-06-22,28.94,20.75,0.03,17.76,85.02,1.03,3.427538194630188
2022-06-23,29.31,20.15,0.0,20.41,84.39,1.0,3.8027731938528975
2022-06-24,29.76,20.53,0.0,20.19,83.86,1.03,3.8409456018352572
2022-06-25,29.71,21.6,0.0,21.55,81.22,1.16,4.162829213631064
2022-06-26,29.28,19.16,0.0,21.63,75.24,0.94,4.200480554144654
2022-06-27,29.58,20.15,0.0,20.44,75.58,0.92,4.110691364266744
2022-06-28,29.77,20.27,0.0,20.95,79.76,0.98,4.06503344939512
2022-06-29,30.1,20.77,0.0,19.58,80.05,0.89,3.921152538671479
2022-06-30,30.14,21.4,0.01,19.62,82.47,0.8,3.8802757319683003
2022-07-01,29.71,21.78,3.84,18.99,84.15,0.75,3.7261008311537203
2022-07-02,30.0,21.43,1.66,16.69,84.99,1.17,3.3774998504500195
2022-07-03,30.06,21.67,0.01,19.94,82.01,1.29,3.9503046855974864
2022-07-04,28.99,19.16,0.0,17.11,76.98,1.16,3.561851356647973
2022-07-05,29.59,19.7,0.0,19.18,76.86,1.09,3.8943462968544793
2022-07-06,29.88,20.7,0.0,19.44,80.01,1.06,3.8918584564876446
2022-07-07,29.8,20.01,0.0,19.78,81.29,1.16,3.8585997658752507
2022-07-08,28.82,21.5,0.0,17.09,81.87,1.23,3.4817956547790185
2022-07-09,30.4,19.41,0.0,21.63,76.08,1.17,4.291903104614409
2022-07-10,30.01,19.2,0.0,21.53,76.48,1.23,4.226617653383187
2022-07-11,30.7,20.76,0.0,20.69,76.11,0.98,4.259804958834038
2022-07-12,31.26,21.07,0.0,19.59,76.15,0.75,4.168367650894652
2022-07-13,30.96,21.85,0.0,18.93,77.68,0.83,4.041518890049371
2022-07-14,30.6,21.52,0.0,17.8,81.1,1.01,3.7276051455278534
2022-07-15,31.01,20.91,0.0,19.23,76.51,1.03,4.087061990449495
2022-07-16,31.45,20.23,0.0,21.7,72.81,0.95,4.547052389521331
2022-07-17,31.78,19.81,0.0,22.12,72.05,0.86,4.637674370664123
2022-07-18,31.48,20.53,0.04,19.47,77.08,0.93,4.125095983968476
2022-07-19,31.57,21.33,0.0,21.45,74.36,1.05,4.53612572767178
2022-07-20,31.49,21.47,3.19,21.21,75.51,0.86,4.46913114666092
2022-07-21,31.12,19.38,2.47,21.15,74.32,0.92,4.371042897814989
2022-07-22,31.31,19.63,0.61,20.56,77.06,0.91,4.231288645269212
2022-07-23,32.04,20.62,0.12,21.1,74.62,0.93,4.49428491154074
2022-07-24,32.16,21.32,0.01,22.28,71.77,0.95,4.796978508123947
2022-07-25,30.9,22.13,0.0,22.27,70.79,0.97,4.764350728140946
2022-07-26,31.54,20.25,0.0,22.17,64.6,0.99,4.905014223248012
2022-07-27,31.86,20.34,0.0,21.91,65.98,0.69,4.864700116027902
2022-07-28,32.53,20.39,1.15,22.58,71.67,0.68,4.840939856251071
2022-07-29,30.99,21.34,0.41,19.94,75.32,0.52,4.279490500733206
2022-07-30,31.29,21.46,0.08,16.75,75.49,0.65,3.858172456993117
2022-07-31,30.57,22.06,3.91,15.27,80.97,0.85,3.427438200686278
2022-08-01,31.0,22.12,1.63,15.53,79.47,1.0,3.5501759363214114
2022-08-02,30.98,21.57,0.04,22.87,71.87,1.23,4.817949488337244
2022-08-03,32.27,19.53,0.08,20.27,73.76,1.1,4.4109228838986905
2022-08-04,32.17,20.77,0.03,18.99,74.97,0.95,4.238969435823617
2022-08-05,31.01,21.63,0.11,18.39,74.54,0.95,4.1261601716466645
2022-08-06,33.12,22.46,0.01,21.74,70.96,1.04,4.931200369491202
2022-08-07,33.11,21.19,0.0,18.41,72.27,1.04,4.349551113036626
2022-08-08,34.16,21.15,0.04,23.05,64.85,1.12,5.351748021517677
2022-08-09,34.23,20.3,0.04,21.56,65.13,1.01,5.106678165599026
2022-08-10,34.14,21.12,0.0,20.23,64.82,0.72,4.9614717364345475
2022-08-11,34.7,20.56,0.0,21.49,65.66,0.71,5.141625864047645
2022-08-12,34.65,22.14,0.28,16.26,67.11,0.83,4.394441717163841
2022-08-13,32.65,22.19,2.38,16.44,72.98,1.2,4.061432698313546
2022-08-14,33.53,20.69,0.07,22.41,66.11,1.21,5.164440864885859
2022-08-15,33.82,20.64,0.0,24.34,60.86,1.01,5.623973982313169
2022-08-16,34.53,19.79,0.0,23.89,60.78,1.08,5.603163902666045
2022-08-17,34.84,19.39,0.0,23.9,53.97,1.03,5.834791315013097
2022-08-18,34.26,20.99,0.58,20.51,65.8,0.88,5.000546246862557
2022-08-19,35.01,21.55,0.09,22.9,64.36,1.02,5.491062775099046
2022-08-20,35.09,22.62,0.0,19.64,50.71,1.22,5.543987965917267
2022-08-21,34.15,19.78,0.0,24.37,47.15,1.56,6.056517751310362
2022-08-22,32.86,20.11,0.0,22.93,50.5,1.29,5.66696008323714
2022-08-23,34.51,22.24,0.0,23.51,56.57,1.07,5.821160582550154
2022-08-24,34.79,21.71,0.0,18.94,57.93,1.03,5.1515016601038255
2022-08-25,35.19,22.89,0.0,16.37,57.32,1.05,4.890798431773241
2022-08-26,35.2,22.24,0.0,20.65,56.15,1.11,5.516323983071234
2022-08-27,35.35,21.08,0.0,24.05,53.0,1.24,6.054801494290886
2022-08-28,35.99,20.85,0.0,22.99,52.47,1.12,5.990636663950429
2022-08-29,36.78,21.57,0.0,24.66,43.85,1.06,6.5887882934875535
2022-08-30,36.58,21.77,0.0,17.6,54.56,1.0,5.266100627286027
2022-08-31,36.21,22.74,0.0,20.92,52.3,1.28,5.817705123425151
2022-09-01,36.24,22.58,0.0,25.14,45.04,1.32,6.612575964506974
2022-09-02,36.19,20.85,0.0,25.5,44.47,1.21,6.604107712253961
2022-09-03,36.51,20.64,0.0,23.33,47.36,1.09,6.269918230845287
2022-09-04,37.63,21.73,0.0,23.23,50.62,1.1,6.321246335986459
2022-09-05,37.0,22.84,0.0,23.03,55.75,1.26,6.108857490384805
2022-09-06,36.7,24.85,0.01,22.13,51.6,1.48,6.169376928942349
2022-09-07,36.9,22.39,0.0,21.24,44.94,1.33,6.18691227538703
2022-09-08,35.08,23.12,0.07,20.0,53.56,1.18,5.5817637706255265
2022-09-09,36.66,22.39,0.0,19.0,55.55,1.09,5.48598896252487
2022-09-10,37.47,23.46,0.0,21.25,48.49,0.9,6.177396900264276
2022-09-11,38.1,23.1,0.0,24.13,49.52,0.87,6.614250938336053
2022-09-12,36.59,24.48,0.01,15.92,54.17,1.15,5.155785570152531
2022-09-13,37.14,23.03,0.02,17.48,51.97,1.07,5.473494838555103
2022-09-14,37.92,23.52,0.01,22.12,51.0,0.98,6.280532877490454
2022-09-15,38.37,23.68,0.01,15.83,50.39,0.89,5.424213732422697
2022-09-16,37.36,24.33,0.68,21.05,54.78,1.1,5.974539784216025
2022-09-17,37.72,24.28,0.17,21.89,52.26,1.16,6.222274291859208
2022-09-18,37.45,24.18,0.14,18.11,52.97,1.27,5.603413840431749
2022-09-19,37.98,23.83,0.03,20.76,49.71,1.07,6.154536221857162
2022-09-20,37.76,25.35,0.0,21.42,48.5,1.21,6.330906552838745
2022-09-21,37.42,23.82,0.0,19.49,50.42,1.34,5.893117915613115
2022-09-22,36.96,23.1,0.0,19.71,52.59,1.15,5.780522954339867
2022-09-23,37.81,24.0,0.03,23.09,49.66,0.86,6.4971596288634865
2022-09-24,37.3,24.81,3.6,14.87,54.66,0.94,5.062157813999849
2022-09-25,35.03,23.12,1.11,18.09,66.27,1.08,4.8656269957781335
2022-09-26,33.94,23.63,0.02,22.54,64.82,1.18,5.534046951700058
2022-09-27,36.5,23.21,0.01,24.17,55.3,1.0,6.315837516226674
2022-09-28,37.7,23.8,0.0,17.01,49.31,1.06,5.608489382781178
2022-09-29,37.22,23.77,0.25,18.91,51.35,1.05,5.767538915150434
2022-09-30,36.89,23.78,0.4,18.65,55.78,1.17,5.535244451382324
2022-10-01,37.64,24.32,0.0,24.32,51.28,1.31,6.640855368403318
2022-10-02,38.25,23.52,0.0,21.37,48.54,1.04,6.3253161636568365
2022-10-03,38.68,24.31,0.0,19.81,44.66,1.16,6.304097087886594
2022-10-04,36.48,24.99,0.0,18.34,50.33,1.14,5.705769983420862
2022-10-05,38.24,24.33,0.0,23.01,47.97,1.08,6.619076533559103
2022-10-06,37.19,24.52,0.0,18.27,51.42,1.38,5.701310999041206
2022-10-07,38.48,24.25,0.0,22.25,47.28,1.33,6.5537222814737985
2022-10-08,38.2,24.27,0.0,23.74,48.17,1.1,6.71768035189289
2022-10-09,37.04,26.15,3.26,19.57,54.4,1.14,5.841238907211231
2022-10-10,36.6,24.3,1.04,15.47,59.88,1.35,4.884535040577151
2022-10-11,37.29,24.2,0.1,21.34,50.87,1.28,6.180271795377121
2022-10-12,38.26,25.08,0.0,24.0,44.9,1.34,6.898496168517596
2022-10-13,37.83,24.8,0.06,19.46,47.53,1.29,6.094373455922072
2022-10-14,37.03,24.75,0.08,21.32,54.37,1.24,6.056497590244917
2022-10-15,37.2,25.52,0.34,19.37,52.44,1.28,5.873614442123403
2022-10-16,36.97,25.59,0.1,18.92,51.93,1.21,5.806740702217512
2022-10-17,37.96,25.44,0.0,16.84,47.0,1.09,5.761728245373699
2022-10-18,38.26,26.13,0.0,18.32,47.3,1.36,6.020413927620785
2022-10-19,37.69,25.89,0.0,21.19,49.07,1.29,6.329490209498405
2022-10-20,38.46,25.62,0.0,21.89,47.74,1.12,6.543980904562338
2022-10-21,39.52,26.18,0.0,16.15,43.87,0.97,5.940190443665102
2022-10-22,38.47,27.26,0.05,14.58,46.54,1.08,5.537355480482242
2022-10-23,38.57,27.02,0.02,16.67,48.2,1.11,5.791203321470525
2022-10-24,38.78,26.63,1.59,17.28,50.01,1.04,5.819855866510213
2022-10-25,29.63,24.53,6.74,14.51,78.13,0.74,3.586924184525586
2022-10-26,31.93,23.8,4.77,13.69,75.47,1.0,3.656179635767454
2022-10-27,34.24,22.99,3.54,17.26,71.8,1.23,4.4743908472277365
2022-10-28,36.68,23.29,0.3,19.23,61.93,1.47,5.368894776983588
2022-10-29,37.82,23.17,0.04,21.86,56.74,1.06,6.071385661241628
2022-10-30,37.1,25.4,0.01,15.17,57.46,0.91,5.012051286083273
2022-10-31,37.89,25.43,0.01,23.86,56.28,1.25,6.506843054694624
2022-11-01,35.12,25.7,0.25,13.07,56.43,1.14,4.604624147892288
2022-11-02,34.08,24.72,0.02,18.26,63.45,1.01,5.009447000980275
2022-11-03,31.27,24.27,14.59,15.84,72.08,0.78,4.103356907909993
2022-11-04,28.8,22.08,17.37,4.69,83.68,0.86,1.782929134926276
2022-11-05,31.11,21.82,17.61,18.72,82.44,0.84,4.037297980120653
2022-11-06,31.34,22.46,14.16,17.68,80.33,0.74,3.9978421240965045
2022-11-07,30.59,23.26,26.39,15.73,84.31,1.13,3.530631989475979
2022-11-08,27.98,22.85,21.24,14.22,88.65,0.83,2.9918646565678952
2022-11-09,29.89,22.01,1.19,17.16,83.65,0.97,3.6879640571876364
2022-11-10,31.75,21.5,0.05,23.38,77.69,0.81,4.946256278242097
2022-11-11,32.41,22.5,0.03,21.7,77.13,0.8,4.812348342318929
2022-11-12,26.34,23.45,6.77,16.81,88.66,0.7,3.3265877234582155
2022-11-13,31.48,21.81,3.07,18.75,80.32,0.78,4.141452094772274
2022-11-14,31.55,23.08,3.36,19.44,81.87,1.0,4.253494527312025
2022-11-15,31.09,23.42,2.29,18.52,81.05,1.17,4.124979489804556
2022-11-16,31.94,23.02,0.9,20.41,77.87,0.8,4.573930570048718
2022-11-17,32.42,23.34,0.27,19.84,75.45,0.63,4.622015091983512
2022-11-18,28.68,23.46,1.4,15.46,79.96,0.79,3.5644745673707883
2022-11-19,28.58,22.43,17.95,16.7,86.09,0.78,3.470673127587119
2022-11-20,30.63,21.75,5.02,12.19,82.04,0.99,3.023594156751042
2022-11-21,31.82,21.53,1.72,23.65,77.07,0.87,5.009841153952351
2022-11-22,32.46,22.64,0.04,19.14,75.8,0.93,4.46897377258902
2022-11-23,30.75,23.73,0.04,16.94,76.76,0.7,4.031649725391657
2022-11-24,29.73,23.5,25.56,15.81,81.9,0.63,3.5961966187013608
2022-11-25,29.79,22.59,9.66,15.2,85.51,0.61,3.3307758050688743
2022-11-26,27.8,22.22,2.87,18.6,86.93,0.75,3.6683461484576916
2022-11-27,29.93,22.16,18.71,19.85,85.07,0.64,4.046651116497558
2022-11-28,27.23,22.42,33.24,17.81,89.88,0.8,3.4235739122315603
2022-11-29,26.96,22.09,8.92,15.82,87.47,1.02,3.193115616585784
2022-11-30,27.74,20.51,1.4,16.01,85.92,0.85,3.253548686852936
2022-12-01,29.51,20.88,5.04,16.77,82.44,0.79,3.600800359937512
2022-12-02,26.63,22.41,9.08,11.93,91.82,0.93,2.456153555819404
2022-12-03,26.65,21.48,5.2,14.84,92.14,0.72,2.839441785214693
2022-12-04,27.08,21.65,2.9,11.37,88.73,0.72,2.489664753558165
2022-12-05,30.33,22.15,5.53,12.94,84.61,0.54,3.0280450083857238
2022-12-06,30.88,22.12,0.59,18.55,81.69,1.06,4.027224163334565
2022-12-07,31.69,20.51,0.02,21.57,74.89,0.96,4.705692254915372
2022-12-08,31.52,21.25,0.0,17.05,74.05,0.95,4.09299031516073
2022-12-09,31.4,21.98,3.57,18.46,77.61,1.13,4.191405438967723
2022-12-10,31.91,21.95,0.58,19.28,77.27,0.91,4.361392581084341
2022-12-11,31.64,22.48,0.32,18.36,75.69,0.85,4.284892365457544
2022-12-12,31.84,23.1,0.7,17.8,76.88,0.79,4.194565304619375
2022-12-13,32.74,22.67,0.15,20.35,70.72,0.94,4.854473450122704
2022-12-14,33.36,22.71,1.12,21.62,68.61,0.72,5.172380977092031
2022-12-15,31.71,23.4,3.89,18.9,76.99,0.51,4.3650738021759485
2022-12-16,31.2,23.02,3.62,21.16,75.8,0.64,4.6988968084867375
2022-12-17,30.44,23.39,5.53,15.78,82.9,1.0,3.5815776329600095
2022-12-18,29.4,22.78,0.51,18.01,83.33,0.83,3.823535251533579
2022-12-19,30.74,22.82,0.51,17.7,80.61,0.72,3.9583498163420057
2022-12-20,30.77,22.92,2.01,18.97,80.04,0.64,4.180201906225621
2022-12-21,31.06,22.06,6.39,15.09,78.95,0.46,3.6137293754462454
2022-12-22,24.86,20.76,15.99,12.4,90.62,0.89,2.4593243358243804
2022-12-23,30.07,20.04,21.76,15.77,82.09,0.62,3.465659210397968
2022-12-24,30.51,22.28,1.19,15.35,82.54,0.83,3.491362254915695
2022-12-25,28.71,22.8,1.56,19.68,86.02,0.86,3.9391526928378173
2022-12-26,26.66,22.99,14.18,16.31,91.41,0.59,3.1399910432601015
2022-12-27,29.26,22.27,19.1,17.73,86.43,0.65,3.637894643123376
2022-12-28,28.69,22.1,15.75,10.83,82.8,0.73,2.7192977949074795
2022-12-29,30.03,21.31,14.31,18.86,81.05,0.45,4.007764679150919
2022-12-30,29.13,22.41,4.12,17.47,88.03,0.86,3.53885037221404
2022-12-31,30.81,20.88,2.84,16.62,84.75,0.77,3.5638242995233838
