Date,irr_mm,ano,chuva_mm,temp_max_c,chuva_acum_3d_mm,tmax_max_3d_c,tensao_solo_kpa,dap,classe_irrigacao,cenario
2019-05-04,0.0,2019,0.0,34.5,0.0,34.7,317.0213430765485,1,0,cenario1_otimo
2019-05-05,0.0,2019,0.0,34.4,0.0,35.3,330.3444066003959,2,0,cenario1_otimo
2019-05-06,0.0,2019,0.0,34.7,0.0,35.3,291.1842648777272,3,0,cenario1_otimo
2019-05-07,0.0,2019,0.0,35.3,0.6,35.3,269.87429578375736,4,0,cenario1_otimo
2019-05-08,0.0,2019,0.0,34.8,0.6,34.9,249.39380728688374,5,0,cenario1_otimo
2019-05-09,0.0,2019,0.6,34.9,0.6,35.5,229.9628600582792,6,0,cenario1_otimo
2019-05-10,0.0,2019,0.0,32.2,0.0,35.5,226.95777154115234,7,0,cenario1_otimo
2019-05-11,0.0,2019,0.0,35.5,0.2,35.5,213.8613855945497,8,0,cenario1_otimo
2019-05-12,0.0,2019,0.0,35.0,1.0,35.0,200.24844958425302,9,0,cenario1_otimo
2019-05-13,0.0,2019,0.2,34.5,1.0,34.8,185.59350841307509,10,0,cenario1_otimo
2019-05-14,0.0,2019,0.8,34.8,13.600000000000001,34.8,171.0917340610681,11,0,cenario1_otimo
2019-05-15,0.0,2019,0.0,34.2,32.8,34.2,166.2439485900594,12,0,cenario1_otimo
2019-05-16,0.0,2019,12.8,29.5,33.6,31.9,153.03027331056006,13,0,cenario1_otimo
2019-05-17,0.0,2019,20.0,31.9,22.4,33.0,119.7713471307102,14,0,cenario1_otimo
2019-05-18,0.0,2019,0.8,31.9,2.4000000000000004,33.1,85.89146673589254,15,0,cenario1_otimo
2019-05-19,0.0,2019,1.6,33.0,1.6,33.9,87.28349703887207,16,0,cenario1_otimo
2019-05-20,0.0,2019,0.0,33.1,0.0,34.3,92.51579219125881,17,0,cenario1_otimo
2019-05-21,0.0,2019,0.0,33.9,0.0,34.3,94.0839104690186,18,0,cenario1_otimo
2019-05-22,0.0,2019,0.0,34.3,0.0,34.3,88.65488640652042,19,0,cenario1_otimo
2019-05-23,0.0,2019,0.0,34.2,0.0,34.2,87.4324535503994,20,0,cenario1_otimo
2019-05-24,0.0,2019,0.0,33.8,0.0,34.7,81.29082873412196,21,0,cenario1_otimo
2019-05-25,0.0,2019,0.0,34.2,0.0,34.7,79.72203509105836,22,0,cenario1_otimo
2019-05-26,0.0,2019,0.0,34.7,0.0,34.7,78.22161554734325,23,0,cenario1_otimo
2019-05-27,0.0,2019,0.0,33.7,0.0,35.1,72.72699889521017,24,0,cenario1_otimo
2019-05-28,0.0,2019,0.0,34.1,0.0,35.1,71.11529500263975,25,0,cenario1_otimo
2019-05-29,0.20744878451919885,2019,0.0,35.1,0.2,35.1,69.64101678015933,26,1,cenario1_otimo
2019-05-30,4.648958167851552,2019,0.0,34.0,0.2,34.0,67.27333665358306,27,2,cenario1_otimo
2019-05-31,4.801306226977087,2019,0.2,33.4,0.2,35.2,61.07232658430249,28,2,cenario1_otimo
2019-06-01,5.330959509231558,2019,0.0,34.0,3.8,35.2,58.6949513408174,29,3,cenario1_otimo
2019-06-02,5.848218392131157,2019,0.0,35.2,3.8,35.2,56.53392468131825,30,3,cenario1_otimo
2019-06-03,4.164314157204654,2019,3.8,33.1,3.8,35.2,54.41268490366414,31,2,cenario1_otimo
2019-06-04,6.310069531003908,2019,0.0,34.4,0.0,35.2,52.25634963730087,32,3,cenario1_otimo
2019-06-05,6.6001871829618555,2019,0.0,35.2,0.0,35.2,47.98579345265817,33,3,cenario1_otimo
2019-06-06,5.725794101950161,2019,0.0,33.3,0.0,34.6,45.96083463051451,34,3,cenario1_otimo
2019-06-07,5.474923665395879,2019,0.0,33.7,0.0,34.6,43.605104889956465,35,3,cenario1_otimo
2019-06-08,5.597831153194832,2019,0.0,34.6,0.0,34.6,41.53167044380729,36,3,cenario1_otimo
2019-06-09,5.449650710352463,2019,0.0,33.7,0.0,34.0,39.730650633952806,37,3,cenario1_otimo
2019-06-10,5.746377272002103,2019,0.0,34.0,0.0,34.2,38.16544932449961,38,3,cenario1_otimo
2019-06-11,5.955376688594744,2019,0.0,33.5,0.0,34.2,36.71553157298829,39,3,cenario1_otimo
2019-06-12,6.253422762030033,2019,0.0,34.2,0.0,34.2,35.30349333734742,40,3,cenario1_otimo
2019-06-13,6.192941849056841,2019,0.0,33.0,0.0,34.2,33.0,41,3,cenario1_otimo
2019-06-14,6.396017624876688,2019,0.0,33.5,0.0,34.5,33.0,42,3,cenario1_otimo
2019-06-15,6.0042433687826575,2019,0.0,34.2,0.0,34.5,33.0,43,3,cenario1_otimo
2019-06-16,5.87128027335913,2019,0.0,34.5,0.0,34.5,33.0,44,3,cenario1_otimo
2019-06-17,5.789521370169781,2019,0.0,34.4,0.0,34.4,33.0,45,3,cenario1_otimo
2019-06-18,5.418966598166161,2019,0.0,33.6,0.0,34.5,33.0,46,3,cenario1_otimo
2019-06-19,5.758272868454341,2019,0.0,34.4,0.0,34.5,33.0,47,3,cenario1_otimo
2019-06-20,6.344763225771164,2019,0.0,34.5,0.0,34.5,33.0,48,3,cenario1_otimo
2019-06-21,6.513656552184625,2019,0.0,34.0,0.0,34.3,33.0,49,3,cenario1_otimo
2019-06-22,6.718035236106793,2019,0.0,33.9,0.0,34.3,33.0,50,3,cenario1_otimo
2019-06-23,7.055395984284056,2019,0.0,34.3,0.0,34.3,33.0,51,3,cenario1_otimo
2019-06-24,6.734551499333941,2019,0.0,33.7,0.0,34.7,33.0,52,3,cenario1_otimo
2019-06-25,6.9617427419291165,2019,0.0,34.3,0.0,35.1,33.0,53,3,cenario1_otimo
2019-06-26,6.953258094978942,2019,0.0,34.7,0.0,35.1,33.0,54,3,cenario1_otimo
2019-06-27,7.0976372637474645,2019,0.0,35.1,0.0,35.1,33.0,55,3,cenario1_otimo
2019-06-28,6.989098721240476,2019,0.0,34.4,0.0,35.1,33.0,56,3,cenario1_otimo
2019-06-29,6.94621782669854,2019,0.0,35.1,0.0,35.6,33.0,57,3,cenario1_otimo
2019-06-30,6.812368210665763,2019,0.0,34.4,0.0,35.6,33.0,58,3,cenario1_otimo
2019-07-01,7.122639946711072,2019,0.0,35.6,0.0,35.6,33.0,59,3,cenario1_otimo
2019-07-02,6.9237197090296,2019,0.0,34.8,0.0,35.4,33.0,60,3,cenario1_otimo
2019-07-03,7.019233870010513,2019,0.0,35.1,0.0,35.4,33.0,61,3,cenario1_otimo
2019-07-04,7.057255065908504,2019,0.0,35.4,0.0,35.4,33.0,62,3,cenario1_otimo
2019-07-05,6.6281907563628755,2019,0.0,34.0,0.0,35.0,33.0,63,3,cenario1_otimo
2019-07-06,6.861106149357679,2019,0.0,35.0,24.6,35.0,33.0,64,3,cenario1_otimo
2019-07-07,5.556323143363127,2019,0.0,31.0,24.8,32.5,33.0,65,3,cenario1_otimo
2019-07-08,0.0,2019,24.6,30.7,24.8,32.5,33.0,66,0,cenario1_otimo
2019-07-09,0.0,2019,0.2,32.5,0.2,33.2,33.0,67,0,cenario1_otimo
2019-07-10,0.0,2019,0.0,32.2,0.0,34.1,33.0,68,0,cenario1_otimo
2019-07-11,0.0,2019,0.0,33.2,0.0,34.1,33.0,69,0,cenario1_otimo
2019-07-12,2.7272611330053795,2019,0.0,34.1,0.0,34.1,33.0,70,2,cenario1_otimo
2019-07-13,4.923836770031704,2019,0.0,34.0,0.0,34.1,33.0,71,2,cenario1_otimo
2019-07-14,4.782734404633346,2019,0.0,33.3,0.0,34.1,33.0,72,2,cenario1_otimo
2019-07-15,5.149590672403573,2019,0.0,34.1,0.0,34.1,33.0,73,3,cenario1_otimo
2019-07-16,4.995861648041328,2019,0.0,34.0,0.0,34.0,33.0,74,2,cenario1_otimo
2019-07-17,4.662784512966553,2019,0.0,32.6,0.0,33.9,33.0,75,2,cenario1_otimo
2019-07-18,4.743022480686974,2019,0.0,33.2,0.0,33.9,33.0,76,2,cenario1_otimo
2019-07-19,5.200886428243937,2019,0.0,33.9,0.0,33.9,33.0,77,3,cenario1_otimo
2019-07-20,5.232066779761311,2019,0.0,33.8,0.0,34.4,33.0,78,3,cenario1_otimo
2019-07-21,5.066357576891861,2019,0.0,33.9,0.0,34.4,33.0,79,3,cenario1_otimo
2019-07-22,5.306561805608812,2019,0.0,34.4,0.0,34.5,33.0,80,3,cenario1_otimo
2019-07-23,5.2480805832268365,2019,0.0,34.4,0.0,35.3,33.0,81,3,cenario1_otimo
2019-07-24,5.37143266287378,2019,0.0,34.5,0.0,36.0,33.0,82,3,cenario1_otimo
2019-07-25,5.493498022782862,2019,0.0,35.3,0.0,36.0,33.0,83,3,cenario1_otimo
2019-07-26,5.864311573489492,2019,0.0,36.0,0.0,36.0,33.0,84,3,cenario1_otimo
2019-07-27,5.486658392867442,2019,0.0,34.3,0.0,34.8,33.0,85,3,cenario1_otimo
2019-07-28,5.437245989016751,2019,0.0,34.4,0.0,36.1,33.0,86,3,cenario1_otimo
2019-07-29,5.494291832427954,2019,0.0,34.8,0.0,36.1,33.0,87,3,cenario1_otimo
2019-07-30,5.822792576189185,2019,0.0,36.1,0.0,36.1,33.0,88,3,cenario1_otimo
2019-07-31,5.9373102815586005,2019,0.0,36.0,0.0,36.0,33.0,89,3,cenario1_otimo
2019-08-01,5.570376974289454,2019,0.0,35.2,0.0,36.1,33.0,90,3,cenario1_otimo
2019-08-02,5.330022550647329,2019,0.0,34.9,0.0,36.1,33.0,91,3,cenario1_otimo
2019-08-03,5.639747492204306,2019,0.0,36.1,0.0,36.1,33.0,92,3,cenario1_otimo
2019-08-04,5.486625340892239,2019,0.0,35.2,0.0,35.2,33.0,93,3,cenario1_otimo
2019-08-05,5.137699326981327,2019,0.0,34.3,0.0,34.7,33.0,94,3,cenario1_otimo
2019-08-06,5.264060542104055,2019,0.0,34.7,0.0,35.0,33.0,95,3,cenario1_otimo
2019-08-07,5.098449113983869,2019,0.0,33.5,0.0,35.4,33.0,96,3,cenario1_otimo
2019-08-08,5.450242183952402,2019,0.0,35.0,0.0,36.0,33.0,97,3,cenario1_otimo
2019-08-09,5.479433495350914,2019,0.0,35.4,0.0,36.7,33.0,98,3,cenario1_otimo
2019-08-10,5.572645507785385,2019,0.0,36.0,0.0,36.7,33.0,99,3,cenario1_otimo
2019-08-11,5.835985522297591,2019,0.0,36.7,0.0,36.7,33.0,100,3,cenario1_otimo
2019-08-12,5.535816057182039,2019,0.0,36.5,0.0,36.6,33.0,101,3,cenario1_otimo
2019-08-13,5.3588707165464875,2019,0.0,36.4,0.0,36.6,33.0,102,3,cenario1_otimo
2019-08-14,5.199163101298074,2019,0.0,36.6,0.0,36.6,33.0,103,3,cenario1_otimo
2019-08-15,5.037097603013491,2019,0.0,35.9,0.0,35.9,33.0,104,3,cenario1_otimo
2019-08-16,4.955371647891972,2019,0.0,35.3,0.0,36.5,33.0,105,2,cenario1_otimo
2019-08-17,5.245700291335023,2019,0.0,35.4,0.0,37.0,33.0,106,3,cenario1_otimo
2019-08-18,5.1276190003983295,2019,0.0,36.5,0.0,37.0,33.0,107,3,cenario1_otimo
2020-05-04,1.0298515933538201,2020,1.2,34.4,1.2,34.4,383.4513249987101,1,1,cenario1_otimo
2020-05-05,4.5851232380534865,2020,0.0,34.1,0.0,34.5,401.71317169061365,2,2,cenario1_otimo
2020-05-06,4.486355760996614,2020,0.0,34.3,5.4,34.5,345.2350571766389,3,2,cenario1_otimo
2020-05-07,4.960052717689597,2020,0.0,34.5,7.0,34.5,317.7171137986855,4,2,cenario1_otimo
2020-05-08,2.594155889339892,2020,5.4,32.8,7.0,33.1,294.3219476209603,5,2,cenario1_otimo
2020-05-09,4.171789789358193,2020,1.6,32.3,1.6,33.7,271.65508791485206,6,2,cenario1_otimo
2020-05-10,4.118496451191646,2020,0.0,33.1,0.0,33.9,247.03578446035448,7,2,cenario1_otimo
2020-05-11,4.1684787451444905,2020,0.0,33.7,0.0,35.7,224.2649295702589,8,2,cenario1_otimo
2020-05-12,4.679662049119453,2020,0.0,33.9,0.0,35.7,206.2887305841143,9,2,cenario1_otimo
2020-05-13,5.522058196027293,2020,0.0,35.7,0.0,35.7,190.91250875860916,10,3,cenario1_otimo
2020-05-14,5.683532775753275,2020,0.0,34.7,0.0,34.7,176.08088422036897,11,3,cenario1_otimo
2020-05-15,4.745505950566356,2020,0.0,34.7,0.0,34.7,168.77371336385252,12,2,cenario1_otimo
2020-05-16,3.9062599827475473,2020,0.0,33.5,0.0,34.5,152.24946337896574,13,2,cenario1_otimo
2020-05-17,4.3731372723030315,2020,0.0,33.8,2.0,34.5,139.12769449549805,14,2,cenario1_otimo
2020-05-18,4.837226024862417,2020,0.0,34.5,2.6,34.5,134.2339917969809,15,2,cenario1_otimo
2020-05-19,4.3421550383181895,2020,2.0,33.2,2.6,34.2,123.95649265968189,16,2,cenario1_otimo
2020-05-20,5.184667275787513,2020,0.6,34.2,0.6,34.6,119.16023499363452,17,3,cenario1_otimo
2020-05-21,5.143186422187976,2020,0.0,34.0,0.0,35.0,114.21521100504859,18,3,cenario1_otimo
2020-05-22,4.747383263286514,2020,0.0,34.6,0.0,35.0,103.7883485414737,19,2,cenario1_otimo
2020-05-23,4.361870387265316,2020,0.0,35.0,9.0,35.0,98.8531846995816,20,2,cenario1_otimo
2020-05-24,4.665042325651001,2020,0.0,33.9,9.0,33.9,90.35543328578652,21,2,cenario1_otimo
2020-05-25,0.0,2020,9.0,31.9,9.2,33.0,87.11357174357633,22,0,cenario1_otimo
2020-05-26,1.3134966543274276,2020,0.0,27.6,0.4,33.0,81.25123515523975,23,1,cenario1_otimo
2020-05-27,5.191869029532697,2020,0.2,33.0,2.4,33.4,77.04914452909739,24,3,cenario1_otimo
2020-05-28,5.357856257226906,2020,0.2,33.0,2.1999999999999997,33.4,74.01376957336656,25,3,cenario1_otimo
2020-05-29,4.1702439365861865,2020,2.0,33.4,2.0,33.4,70.90772304713404,26,2,cenario1_otimo
2020-05-30,4.436129355548893,2020,0.0,33.4,0.0,33.4,67.27333665358306,27,2,cenario1_otimo
2020-05-31,4.605177432058982,2020,0.0,33.4,0.0,34.1,61.07232658430249,28,2,cenario1_otimo
2020-06-01,4.75041382399424,2020,0.0,33.2,0.0,34.2,58.6949513408174,29,2,cenario1_otimo
2020-06-02,5.2234733796286505,2020,0.0,34.1,0.0,34.5,56.53392468131825,30,3,cenario1_otimo
2020-06-03,5.526922245472616,2020,0.0,34.2,0.0,34.5,54.41268490366414,31,3,cenario1_otimo
2020-06-04,5.760437501140149,2020,0.0,34.5,0.0,34.5,52.25634963730087,32,3,cenario1_otimo
2020-06-05,5.50368681349524,2020,0.0,32.9,0.0,34.6,47.98579345265817,33,3,cenario1_otimo
2020-06-06,5.433991867430046,2020,0.0,34.4,0.0,34.7,45.96083463051451,34,3,cenario1_otimo
2020-06-07,5.321750222342029,2020,0.0,34.6,0.0,34.7,43.605104889956465,35,3,cenario1_otimo
2020-06-08,5.128153900962652,2020,0.0,34.7,0.0,34.7,41.53167044380729,36,3,cenario1_otimo
2020-06-09,4.977454749849192,2020,0.0,34.3,0.0,34.7,39.730650633952806,37,2,cenario1_otimo
2020-06-10,5.140358589680574,2020,0.0,33.6,0.0,34.7,38.16544932449961,38,3,cenario1_otimo
2020-06-11,5.527778276766501,2020,0.0,34.7,0.0,34.7,36.71553157298829,39,3,cenario1_otimo
2020-06-12,5.6308808291806836,2020,0.0,34.0,0.0,34.5,35.30349333734742,40,3,cenario1_otimo
2020-06-13,5.994214357841018,2020,0.0,34.5,0.0,34.5,33.0,41,3,cenario1_otimo
2020-06-14,6.148535761701935,2020,0.0,34.5,0.0,34.5,33.0,42,3,cenario1_otimo
2020-06-15,5.494155867234372,2020,0.0,34.5,0.0,34.5,33.0,43,3,cenario1_otimo
2020-06-16,5.313282597187433,2020,0.0,34.2,0.0,34.3,33.0,44,3,cenario1_otimo
2020-06-17,5.066432337762674,2020,0.0,34.3,0.0,34.3,33.0,45,3,cenario1_otimo
2020-06-18,5.138109900986165,2020,0.0,34.2,0.0,34.3,33.0,46,3,cenario1_otimo
2020-06-19,5.542516863141008,2020,0.0,33.7,0.0,34.3,33.0,47,3,cenario1_otimo
2020-06-20,5.68581141016818,2020,0.0,34.3,0.0,34.3,33.0,48,3,cenario1_otimo
2020-06-21,5.77231087475015,2020,0.0,34.1,0.0,34.4,33.0,49,3,cenario1_otimo
2020-06-22,6.000567848732383,2020,0.0,33.5,0.0,34.4,33.0,50,3,cenario1_otimo
2020-06-23,6.320478625894492,2020,0.0,34.4,0.0,34.4,33.0,51,3,cenario1_otimo
2020-06-24,6.054926000621494,2020,0.0,34.3,0.0,34.4,33.0,52,3,cenario1_otimo
2020-06-25,6.117940004375807,2020,0.0,34.3,0.0,35.6,33.0,53,3,cenario1_otimo
2020-06-26,6.166841965591562,2020,0.0,34.4,0.0,35.9,33.0,54,3,cenario1_otimo
2020-06-27,6.386521559100698,2020,0.0,35.6,0.0,35.9,33.0,55,3,cenario1_otimo
2020-06-28,6.315573311363529,2020,0.0,35.9,0.0,35.9,33.0,56,3,cenario1_otimo
2020-06-29,6.125002575855628,2020,0.0,34.4,0.0,36.0,33.0,57,3,cenario1_otimo
2020-06-30,6.1117000056143915,2020,0.0,33.9,0.0,36.4,33.0,58,3,cenario1_otimo
2020-07-01,6.525302849077774,2020,0.0,36.0,0.0,36.4,33.0,59,3,cenario1_otimo
2020-07-02,6.517239510636438,2020,0.0,36.4,0.0,36.4,33.0,60,3,cenario1_otimo
2020-07-03,6.11563163405542,2020,0.0,34.6,0.0,35.6,33.0,61,3,cenario1_otimo
2020-07-04,6.467811543345184,2020,0.0,35.6,0.0,35.6,33.0,62,3,cenario1_otimo
2020-07-05,6.350250419055241,2020,0.0,35.1,0.0,36.3,33.0,63,3,cenario1_otimo
2020-07-06,6.3730478454216035,2020,0.0,35.2,0.0,36.3,33.0,64,3,cenario1_otimo
2020-07-07,6.415070928904189,2020,0.0,36.3,0.0,36.6,33.0,65,3,cenario1_otimo
2020-07-08,6.33011164157615,2020,0.0,35.2,0.0,36.6,33.0,66,3,cenario1_otimo
2020-07-09,6.738956879794204,2020,0.0,36.6,0.0,36.6,33.0,67,3,cenario1_otimo
2020-07-10,6.435541986033977,2020,0.0,35.0,0.0,36.0,33.0,68,3,cenario1_otimo
2020-07-11,5.746613756281729,2020,0.0,32.1,0.0,36.0,33.0,69,3,cenario1_otimo
2020-07-12,6.4968913426963075,2020,0.0,36.0,0.0,36.0,33.0,70,3,cenario1_otimo
2020-07-13,6.544295668113569,2020,0.0,35.7,0.0,35.7,33.0,71,3,cenario1_otimo
2020-07-14,6.483404435511751,2020,0.0,35.7,0.0,35.7,33.0,72,3,cenario1_otimo
2020-07-15,6.508487084898885,2020,0.0,35.7,0.0,35.7,33.0,73,3,cenario1_otimo
2020-07-16,6.4153119133076935,2020,0.0,34.9,0.0,35.3,33.0,74,3,cenario1_otimo
2020-07-17,6.433477576995983,2020,0.0,35.2,0.0,35.3,33.0,75,3,cenario1_otimo
2020-07-18,6.5374328969745426,2020,0.0,35.3,0.0,35.3,33.0,76,3,cenario1_otimo
2020-07-19,6.59414681933705,2020,0.0,35.3,0.0,35.3,33.0,77,3,cenario1_otimo
2020-07-20,6.39426584417551,2020,0.0,34.8,0.0,35.3,33.0,78,3,cenario1_otimo
2020-07-21,6.448813594143224,2020,0.0,34.9,0.0,35.5,33.0,79,3,cenario1_otimo
2020-07-22,6.605628872867699,2020,0.0,35.3,0.0,35.5,33.0,80,3,cenario1_otimo
2020-07-23,6.541484356460389,2020,0.0,35.5,0.0,35.5,33.0,81,3,cenario1_otimo
2020-07-24,6.459041339308442,2020,0.0,35.0,0.0,35.5,33.0,82,3,cenario1_otimo
2020-07-25,6.677779623224577,2020,0.0,35.5,0.0,35.5,33.0,83,3,cenario1_otimo
2020-07-26,6.790816388049407,2020,0.0,35.3,0.0,35.4,33.0,84,3,cenario1_otimo
2020-07-27,6.7841501264171775,2020,0.0,35.4,0.0,35.4,33.0,85,3,cenario1_otimo
2020-07-28,6.856868199042842,2020,0.0,35.3,0.0,37.2,33.0,86,3,cenario1_otimo
2020-07-29,6.690292217634841,2020,0.0,35.2,0.0,37.2,33.0,87,3,cenario1_otimo
2020-07-30,6.808238782800787,2020,0.0,37.2,0.0,37.2,33.0,88,3,cenario1_otimo
2020-07-31,6.820559647182176,2020,0.0,36.0,0.0,36.1,33.0,89,3,cenario1_otimo
2020-08-01,6.989995438368756,2020,0.0,36.1,0.0,36.1,33.0,90,3,cenario1_otimo
2020-08-02,6.746857802597842,2020,0.0,36.1,0.0,36.1,33.0,91,3,cenario1_otimo
2020-08-03,6.638316418800763,2020,0.0,35.3,0.0,36.1,33.0,92,3,cenario1_otimo
2020-08-04,6.851423932541795,2020,0.0,36.1,0.0,36.1,33.0,93,3,cenario1_otimo
2020-08-05,6.691708375602976,2020,0.0,35.5,0.0,35.5,33.0,94,3,cenario1_otimo
2020-08-06,6.663531227145601,2020,0.0,35.3,0.0,36.0,33.0,95,3,cenario1_otimo
2020-08-07,6.7523724234084845,2020,0.0,35.5,0.0,36.8,33.0,96,3,cenario1_otimo
2020-08-08,6.911845664595603,2020,0.0,36.0,0.0,36.8,33.0,97,3,cenario1_otimo
2020-08-09,7.012091052071821,2020,0.0,36.8,0.0,36.8,33.0,98,3,cenario1_otimo
2020-08-10,6.708602628703417,2020,0.0,36.1,0.0,36.8,33.0,99,3,cenario1_otimo
2020-08-11,6.817060467317268,2020,0.0,36.8,0.0,37.0,33.0,100,3,cenario1_otimo
2020-08-12,6.723435332733733,2020,0.0,36.6,0.0,37.0,33.0,101,3,cenario1_otimo
2020-08-13,6.924426366541546,2020,0.0,37.0,0.0,37.0,33.0,102,3,cenario1_otimo
2020-08-14,6.773263635031724,2020,0.0,35.9,0.0,37.5,33.0,103,3,cenario1_otimo
2020-08-15,6.774117573094912,2020,0.0,36.2,0.0,37.9,33.0,104,3,cenario1_otimo
2020-08-16,6.9236066720724825,2020,0.0,37.5,0.0,37.9,33.0,105,3,cenario1_otimo
2020-08-17,6.978212003319955,2020,0.0,37.9,0.0,37.9,33.0,106,3,cenario1_otimo
2020-08-18,6.953809128852228,2020,0.0,37.7,0.0,38.9,33.0,107,3,cenario1_otimo
2021-05-04,0.0,2021,0.0,32.3,20.2,32.3,380.01087440216804,1,0,cenario1_otimo
2021-05-05,0.0,2021,19.2,31.5,20.4,32.3,395.11395941240977,2,0,cenario1_otimo
2021-05-06,0.0,2021,1.0,32.3,1.2,32.9,260.8895936666835,3,0,cenario1_otimo
2021-05-07,0.0,2021,0.2,32.2,0.6000000000000001,33.3,266.7372180573171,4,0,cenario1_otimo
2021-05-08,0.0,2021,0.0,32.9,0.6000000000000001,33.3,271.5227753610299,5,0,cenario1_otimo
2021-05-09,0.0,2021,0.4,33.3,0.6000000000000001,33.3,259.1162472887723,6,0,cenario1_otimo
2021-05-10,0.0,2021,0.2,33.2,0.2,34.3,242.740929520101,7,0,cenario1_otimo
2021-05-11,0.0,2021,0.0,33.2,0.0,34.3,225.14069326516204,8,0,cenario1_otimo
2021-05-12,0.0,2021,0.0,34.3,0.0,34.3,207.9030081615021,9,0,cenario1_otimo
2021-05-13,0.10389515820068285,2021,0.0,34.2,0.0,34.2,191.89160175241017,10,1,cenario1_otimo
2021-05-14,5.413645107528389,2021,0.0,33.2,0.0,33.2,174.62859557331024,11,3,cenario1_otimo
2021-05-15,4.388455470315048,2021,0.0,31.6,0.0,33.5,168.77371336385252,12,2,cenario1_otimo
2021-05-16,4.406970139420478,2021,0.0,33.1,0.0,33.5,152.24946337896574,13,2,cenario1_otimo
2021-05-17,4.8888440255630154,2021,0.0,33.5,0.0,34.2,139.12769449549805,14,2,cenario1_otimo
2021-05-18,5.050447076165234,2021,0.0,33.2,0.0,34.2,134.2339917969809,15,3,cenario1_otimo
2021-05-19,5.776948442361835,2021,0.0,34.2,0.0,34.9,123.95649265968189,16,3,cenario1_otimo
2021-05-20,5.919183732842581,2021,0.0,34.0,0.0,34.9,119.16023499363452,17,3,cenario1_otimo
2021-05-21,5.692794487355253,2021,0.0,34.9,0.0,34.9,114.21521100504859,18,3,cenario1_otimo
2021-05-22,5.011642752538993,2021,0.0,32.6,0.0,34.9,103.7883485414737,19,3,cenario1_otimo
2021-05-23,4.992482434972651,2021,0.0,34.8,0.0,35.7,98.8531846995816,20,2,cenario1_otimo
2021-05-24,5.315100288439595,2021,0.0,34.9,0.0,35.7,90.35543328578652,21,3,cenario1_otimo
2021-05-25,5.794294007642033,2021,0.0,35.7,0.0,35.7,87.11357174357633,22,3,cenario1_otimo
2021-05-26,6.0368232915085045,2021,0.0,35.1,0.0,35.1,83.88579407534435,23,3,cenario1_otimo
2021-05-27,6.1319088500218015,2021,0.0,34.3,0.0,34.7,77.21824525401641,24,3,cenario1_otimo
2021-05-28,6.305929380404529,2021,0.0,34.7,0.6,34.9,74.03180076453653,25,3,cenario1_otimo
2021-05-29,5.825142367360094,2021,0.0,34.5,0.6,35.0,70.90772304713404,26,3,cenario1_otimo
2021-05-30,4.511369574024455,2021,0.6,34.9,0.6,35.0,67.27333665358306,27,2,cenario1_otimo
2021-05-31,4.929568242261491,2021,0.0,35.0,0.0,35.0,61.07232658430249,28,2,cenario1_otimo
2021-06-01,5.103348442477187,2021,0.0,34.8,0.0,34.8,58.6949513408174,29,3,cenario1_otimo
2021-06-02,5.251427043521698,2021,0.0,34.0,0.0,34.4,56.53392468131825,30,3,cenario1_otimo
2021-06-03,5.163464922327711,2021,0.0,33.6,0.0,34.4,54.41268490366414,31,3,cenario1_otimo
2021-06-04,5.663855094461948,2021,0.0,34.4,0.0,34.5,52.25634963730087,32,3,cenario1_otimo
2021-06-05,5.671814263108552,2021,0.0,33.7,0.0,34.9,47.98579345265817,33,3,cenario1_otimo
2021-06-06,5.379006952817569,2021,0.0,34.5,0.0,35.1,45.96083463051451,34,3,cenario1_otimo
2021-06-07,5.143439012969676,2021,0.0,34.9,0.0,35.1,43.605104889956465,35,3,cenario1_otimo
2021-06-08,5.0636068124764275,2021,0.0,35.1,4.8,35.1,41.53167044380729,36,3,cenario1_otimo
2021-06-09,4.744381263982467,2021,0.0,34.0,4.8,34.2,39.730650633952806,37,2,cenario1_otimo
2021-06-10,2.6842459325810064,2021,4.8,34.1,4.8,34.2,38.16544932449961,38,2,cenario1_otimo
2021-06-11,5.074420195514507,2021,0.0,34.2,0.0,34.3,36.71553157298829,39,3,cenario1_otimo
2021-06-12,5.286188005798579,2021,0.0,34.2,0.0,34.3,35.30349333734742,40,3,cenario1_otimo
2021-06-13,5.647646780014469,2021,0.0,34.3,0.0,34.3,33.0,41,3,cenario1_otimo
2021-06-14,5.376563471202323,2021,0.0,33.5,0.0,35.2,33.0,42,3,cenario1_otimo
2021-06-15,5.118705722268224,2021,0.0,34.2,0.0,35.2,33.0,43,3,cenario1_otimo
2021-06-16,5.271924181327266,2021,0.0,35.2,0.0,35.2,33.0,44,3,cenario1_otimo
2021-06-17,4.9646762292321105,2021,0.0,34.2,0.0,34.3,33.0,45,2,cenario1_otimo
2021-06-18,4.386980168602576,2021,0.0,31.3,0.0,34.5,33.0,46,2,cenario1_otimo
2021-06-19,5.229149402119683,2021,0.0,34.3,0.0,35.1,33.0,47,3,cenario1_otimo
2021-06-20,5.481350471827042,2021,0.0,34.5,0.0,35.1,33.0,48,3,cenario1_otimo
2021-06-21,5.947334411661826,2021,0.0,35.1,0.0,35.1,33.0,49,3,cenario1_otimo
2021-06-22,5.850830225859809,2021,0.0,34.5,8.8,34.5,33.0,50,3,cenario1_otimo
2021-06-23,5.657108023093883,2021,0.0,33.5,8.8,33.9,33.0,51,3,cenario1_otimo
2021-06-24,0.5096170141699469,2021,8.8,33.9,8.8,34.3,33.0,52,1,cenario1_otimo
2021-06-25,4.885504128070764,2021,0.0,33.5,0.0,34.3,33.0,53,2,cenario1_otimo
2021-06-26,5.066485454609849,2021,0.0,34.3,0.0,34.3,33.0,54,3,cenario1_otimo
2021-06-27,5.026865398508296,2021,0.0,33.9,0.0,34.3,33.0,55,3,cenario1_otimo
2021-06-28,5.182322712838012,2021,0.0,34.3,0.0,34.8,33.0,56,3,cenario1_otimo
2021-06-29,5.268973587494653,2021,0.0,34.3,0.0,36.0,33.0,57,3,cenario1_otimo
2021-06-30,5.268587442556,2021,0.0,34.8,0.0,36.0,33.0,58,3,cenario1_otimo
2021-07-01,5.330946133003024,2021,0.0,36.0,0.0,36.0,33.0,59,3,cenario1_otimo
2021-07-02,4.378712188199851,2021,0.0,32.5,0.0,34.2,33.0,60,2,cenario1_otimo
2021-07-03,4.926564244352641,2021,0.0,34.2,0.0,35.0,33.0,61,2,cenario1_otimo
2021-07-04,4.97149786497387,2021,0.0,34.0,0.0,35.3,33.0,62,2,cenario1_otimo
2021-07-05,5.249639509335541,2021,0.0,35.0,0.0,35.3,33.0,63,3,cenario1_otimo
2021-07-06,5.339178673586575,2021,0.0,35.3,0.0,35.3,33.0,64,3,cenario1_otimo
2021-07-07,5.284413472402727,2021,0.0,35.0,0.0,35.2,33.0,65,3,cenario1_otimo
2021-07-08,5.3806686508479435,2021,0.0,35.2,0.0,35.7,33.0,66,3,cenario1_otimo
2021-07-09,5.310584328143538,2021,0.0,34.7,0.0,35.7,33.0,67,3,cenario1_otimo
2021-07-10,5.51102440829401,2021,0.0,35.7,0.0,35.7,33.0,68,3,cenario1_otimo
2021-07-11,5.313526895674971,2021,0.0,35.0,0.0,36.1,33.0,69,3,cenario1_otimo
2021-07-12,5.395611161770966,2021,0.0,35.5,0.0,36.1,33.0,70,3,cenario1_otimo
2021-07-13,5.4940776210923765,2021,0.0,36.1,0.0,36.1,33.0,71,3,cenario1_otimo
2021-07-14,5.517973436604091,2021,0.0,35.5,0.0,35.6,33.0,72,3,cenario1_otimo
2021-07-15,5.495818059090776,2021,0.0,35.6,0.0,35.6,33.0,73,3,cenario1_otimo
2021-07-16,5.413390868102751,2021,0.0,35.5,0.0,35.9,33.0,74,3,cenario1_otimo
2021-07-17,5.201709258008606,2021,0.0,34.5,0.0,35.9,33.0,75,3,cenario1_otimo
2021-07-18,5.511926249044669,2021,0.0,35.9,0.0,35.9,33.0,76,3,cenario1_otimo
2021-07-19,5.366441841878104,2021,0.0,35.3,0.0,35.3,33.0,77,3,cenario1_otimo
2021-07-20,5.203141845713189,2021,0.0,34.6,0.0,36.6,33.0,78,3,cenario1_otimo
2021-07-21,5.013687102334969,2021,0.0,33.7,0.0,36.6,33.0,79,3,cenario1_otimo
2021-07-22,5.653590499546709,2021,0.0,36.6,0.0,36.6,33.0,80,3,cenario1_otimo
2021-07-23,5.717531286676843,2021,0.0,36.3,0.0,36.3,33.0,81,3,cenario1_otimo
2021-07-24,5.63360836495189,2021,0.0,35.5,0.0,36.0,33.0,82,3,cenario1_otimo
2021-07-25,5.701746235955824,2021,0.0,36.0,0.0,36.8,33.0,83,3,cenario1_otimo
2021-07-26,5.644748081444909,2021,0.0,36.0,0.0,36.8,33.0,84,3,cenario1_otimo
2021-07-27,5.861356092165182,2021,0.0,36.8,4.4,36.8,33.0,85,3,cenario1_otimo
2021-07-28,5.8092371950495,2021,0.0,36.8,4.4,36.8,33.0,86,3,cenario1_otimo
2021-07-29,4.276819377058894,2021,4.4,35.7,6.0,35.7,33.0,87,2,cenario1_otimo
2021-07-30,5.89267329751578,2021,0.0,34.1,1.6,35.0,33.0,88,3,cenario1_otimo
2021-07-31,4.119967264152619,2021,1.6,29.1,1.6,35.0,33.0,89,2,cenario1_otimo
2021-08-01,6.376639090517991,2021,0.0,35.0,0.0,35.8,33.0,90,3,cenario1_otimo
2021-08-02,6.400386879090708,2021,0.0,34.6,0.0,36.3,33.0,91,3,cenario1_otimo
2021-08-03,6.842594433770888,2021,0.0,35.8,0.0,36.6,33.0,92,3,cenario1_otimo
2021-08-04,6.852374926343521,2021,0.0,36.3,0.0,36.6,33.0,93,3,cenario1_otimo
2021-08-05,6.831435640299801,2021,0.0,36.6,0.0,36.6,33.0,94,3,cenario1_otimo
2021-08-06,6.9137942450542855,2021,0.0,36.2,0.0,36.9,33.0,95,3,cenario1_otimo
2021-08-07,6.729543575224305,2021,0.0,36.1,0.0,37.0,33.0,96,3,cenario1_otimo
2021-08-08,6.744986656983787,2021,0.0,36.9,0.0,37.7,33.0,97,3,cenario1_otimo
2021-08-09,6.938405620772535,2021,0.0,37.0,0.0,37.7,33.0,98,3,cenario1_otimo
2021-08-10,7.019882783376175,2021,0.0,37.7,0.0,37.7,33.0,99,3,cenario1_otimo
2021-08-11,6.680784785510157,2021,0.0,37.0,0.0,37.2,33.0,100,3,cenario1_otimo
2021-08-12,6.637136118445537,2021,0.0,37.2,0.0,37.2,33.0,101,3,cenario1_otimo
2021-08-13,6.16329579433744,2021,0.0,36.1,0.0,37.0,33.0,102,3,cenario1_otimo
2021-08-14,6.4051611725763244,2021,0.0,35.5,0.0,37.0,33.0,103,3,cenario1_otimo
2021-08-15,6.828047768671198,2021,0.0,37.0,0.0,37.5,33.0,104,3,cenario1_otimo
2021-08-16,6.404947238314758,2021,0.0,34.9,0.0,37.5,33.0,105,3,cenario1_otimo
2021-08-17,6.9066513831721865,2021,0.0,37.5,0.0,37.5,33.0,106,3,cenario1_otimo
2021-08-18,6.8696411253970355,2021,0.0,37.5,0.0,37.7,33.0,107,3,cenario1_otimo
2022-05-04,0.0,2022,20.4,32.5,24.599999999999998,34.0,386.546105699835,1,0,cenario1_otimo
2022-05-05,0.0,2022,4.2,33.2,5.6,34.0,292.7489025690621,2,0,cenario1_otimo
2022-05-06,0.0,2022,0.0,34.0,1.4,34.0,277.1357785791097,3,0,cenario1_otimo
2022-05-07,0.0,2022,1.4,32.9,1.4,32.9,274.7830618754963,4,0,cenario1_otimo
2022-05-08,0.0,2022,0.0,32.6,0.0,33.2,273.7141967757455,5,0,cenario1_otimo
2022-05-09,0.0,2022,0.0,31.4,0.0,33.2,261.0803134319435,6,0,cenario1_otimo
2022-05-10,0.0,2022,0.0,33.2,0.0,33.6,242.85921673287436,7,0,cenario1_otimo
2022-05-11,0.0,2022,0.0,33.2,0.2,33.8,225.30527928626978,8,0,cenario1_otimo
2022-05-12,0.0,2022,0.0,33.6,0.2,34.1,208.00431891865887,9,0,cenario1_otimo
2022-05-13,0.0,2022,0.2,33.8,0.2,34.1,191.3781189082312,10,0,cenario1_otimo
2022-05-14,0.4343609483000881,2022,0.0,34.1,0.0,34.1,175.86655727928343,11,1,cenario1_otimo
2022-05-15,4.837486752153463,2022,0.0,33.5,0.0,33.8,168.77371336385252,12,2,cenario1_otimo
2022-05-16,4.371738857572887,2022,0.0,33.8,0.0,34.0,152.24946337896574,13,2,cenario1_otimo
2022-05-17,4.8807069512306,2022,0.0,33.5,0.0,34.0,139.12769449549805,14,2,cenario1_otimo
2022-05-18,5.243998547292277,2022,0.0,34.0,0.0,34.0,134.2339917969809,15,3,cenario1_otimo
2022-05-19,5.036964936012542,2022,0.0,30.6,0.0,31.5,123.95649265968189,16,3,cenario1_otimo
2022-05-20,5.180166542343137,2022,0.0,30.0,3.4,32.1,119.16023499363452,17,3,cenario1_otimo
2022-05-21,5.230648966989503,2022,0.0,31.5,9.0,34.0,114.21521100504859,18,3,cenario1_otimo
2022-05-22,3.063414436688517,2022,3.4,32.1,9.2,34.0,103.7883485414737,19,2,cenario1_otimo
2022-05-23,2.0342405947419526,2022,5.6,34.0,5.8,34.0,98.8531846995816,20,2,cenario1_otimo
2022-05-24,4.2097885484527255,2022,0.2,32.4,0.2,33.3,90.35543328578652,21,2,cenario1_otimo
2022-05-25,5.261710221020403,2022,0.0,33.3,0.0,33.3,87.11357174357633,22,3,cenario1_otimo
2022-05-26,5.326826661757242,2022,0.0,32.9,0.0,34.3,83.88579407534435,23,3,cenario1_otimo
2022-05-27,5.480915283179545,2022,0.0,32.9,0.0,34.3,77.21824525401641,24,3,cenario1_otimo
2022-05-28,5.988517997673436,2022,0.0,34.3,0.0,34.8,74.03180076453653,25,3,cenario1_otimo
2022-05-29,5.441961026951944,2022,0.0,33.7,0.8,34.8,70.90772304713404,26,3,cenario1_otimo
2022-05-30,4.562359297342447,2022,0.0,34.8,1.0,34.8,67.27333665358306,27,2,cenario1_otimo
2022-05-31,4.331204002020557,2022,0.8,33.2,3.2,33.2,61.07232658430249,28,2,cenario1_otimo
2022-06-01,4.510503790335475,2022,0.2,32.3,3.6000000000000005,34.4,58.6949513408174,29,2,cenario1_otimo
2022-06-02,4.092934891158674,2022,2.2,32.9,3.4000000000000004,34.4,56.53392468131825,30,2,cenario1_otimo
2022-06-03,5.406771699889075,2022,1.2,34.4,1.2,34.4,54.41268490366414,31,3,cenario1_otimo
2022-06-04,5.003304198387913,2022,0.0,31.3,0.0,33.1,52.25634963730087,32,3,cenario1_otimo
2022-06-05,5.61923541244542,2022,0.0,32.8,0.0,33.4,47.98579345265817,33,3,cenario1_otimo
2022-06-06,5.193387899586958,2022,0.0,33.1,0.0,34.1,45.96083463051451,34,3,cenario1_otimo
2022-06-07,5.008180081573694,2022,0.0,33.4,0.0,34.1,43.605104889956465,35,3,cenario1_otimo
2022-06-08,5.371682949326731,2022,0.0,34.1,0.0,34.1,41.53167044380729,36,3,cenario1_otimo
2022-06-09,5.284376941250381,2022,0.0,33.8,0.0,34.2,39.730650633952806,37,3,cenario1_otimo
2022-06-10,5.542371583318115,2022,0.0,34.1,0.2,34.2,38.16544932449961,38,3,cenario1_otimo
2022-06-11,5.634393720693019,2022,0.0,34.2,62.6,34.2,36.71553157298829,39,3,cenario1_otimo
2022-06-12,5.727274034597582,2022,0.2,34.1,64.0,34.1,35.30349333734742,40,3,cenario1_otimo
2022-06-13,0.0,2022,62.4,30.4,63.8,32.7,33.0,41,0,cenario1_otimo
2022-06-14,0.0,2022,1.4,32.7,1.4,33.6,33.0,42,0,cenario1_otimo
2022-06-15,0.0,2022,0.0,32.1,0.0,33.8,33.0,43,0,cenario1_otimo
2022-06-16,0.0,2022,0.0,33.6,0.0,34.6,33.0,44,0,cenario1_otimo
2022-06-17,0.0,2022,0.0,33.8,0.0,34.6,33.0,45,0,cenario1_otimo
2022-06-18,0.0,2022,0.0,34.6,0.0,34.6,33.0,46,0,cenario1_otimo
2022-06-19,0.0,2022,0.0,34.0,0.0,34.0,33.0,47,0,cenario1_otimo
2022-06-20,0.0,2022,0.0,33.3,0.0,33.4,33.0,48,0,cenario1_otimo
2022-06-21,0.0,2022,0.0,33.4,0.0,33.9,33.0,49,0,cenario1_otimo
2022-06-22,0.0,2022,0.0,32.3,0.0,34.2,33.0,50,0,cenario1_otimo
2022-06-23,0.0,2022,0.0,33.9,0.0,34.3,33.0,51,0,cenario1_otimo
2022-06-24,0.0,2022,0.0,34.2,0.0,34.3,33.0,52,0,cenario1_otimo
2022-06-25,0.0,2022,0.0,34.3,0.0,34.3,33.0,53,0,cenario1_otimo
2022-06-26,3.661587326323911,2022,0.0,34.1,0.0,34.1,33.0,54,2,cenario1_otimo
2022-06-27,5.656695144804736,2022,0.0,33.6,0.0,34.1,33.0,55,3,cenario1_otimo
2022-06-28,5.524825991329774,2022,0.0,34.1,0.0,34.7,33.0,56,3,cenario1_otimo
2022-06-29,5.441687259290246,2022,0.0,34.0,1.6,34.7,33.0,57,3,cenario1_otimo
2022-06-30,5.5559964397091655,2022,0.0,34.7,2.8,34.7,33.0,58,3,cenario1_otimo
2022-07-01,7.5101612851185875,2022,1.6,33.9,2.8,33.9,33.0,59,3,cenario1_otimo
2022-07-02,7.835031456618999,2022,1.2,33.7,1.2,33.7,33.0,60,3,cenario1_otimo
2022-07-03,8.081183608422206,2022,0.0,33.3,0.0,33.9,33.0,61,3,cenario1_otimo
2022-07-04,8.326250404431457,2022,0.0,32.8,0.0,34.4,33.0,62,3,cenario1_otimo
2022-07-05,8.138364760698265,2022,0.0,33.9,0.0,34.6,33.0,63,3,cenario1_otimo
2022-07-06,8.35346955883509,2022,0.0,34.4,0.0,34.6,33.0,64,3,cenario1_otimo
2022-07-07,8.902901499074256,2022,0.0,34.6,0.0,35.0,33.0,65,3,cenario1_otimo
2022-07-08,7.34624677201923,2022,0.0,32.6,0.0,35.0,33.0,66,3,cenario1_otimo
2022-07-09,9.37435573806639,2022,0.0,35.0,0.0,35.0,33.0,67,3,cenario1_otimo
2022-07-10,9.342721241657134,2022,0.0,34.2,0.0,35.9,33.0,68,3,cenario1_otimo
2022-07-11,8.79501323447262,2022,0.0,34.2,0.0,35.9,33.0,69,3,cenario1_otimo
2022-07-12,9.808500966587143,2022,0.0,35.9,0.0,35.9,33.0,70,3,cenario1_otimo
2022-07-13,9.235559080270987,2022,0.0,35.0,0.0,35.0,33.0,71,3,cenario1_otimo
2022-07-14,8.566082502828046,2022,0.0,33.3,0.0,35.9,33.0,72,3,cenario1_otimo
2022-07-15,9.412580087481567,2022,0.0,34.8,0.0,35.9,33.0,73,3,cenario1_otimo
2022-07-16,9.831355731337501,2022,0.0,35.9,0.0,35.9,33.0,74,3,cenario1_otimo
2022-07-17,9.917496223211563,2022,0.0,35.6,0.0,35.6,33.0,75,3,cenario1_otimo
2022-07-18,9.541092034724988,2022,0.0,35.3,0.0,35.4,33.0,76,3,cenario1_otimo
2022-07-19,9.5014458593577,2022,0.0,34.8,0.0,35.4,33.0,77,3,cenario1_otimo
2022-07-20,9.82905319638429,2022,0.0,35.4,0.0,35.4,33.0,78,3,cenario1_otimo
2022-07-21,9.512421377619008,2022,0.0,34.6,1.0,34.8,33.0,79,3,cenario1_otimo
2022-07-22,9.686009174800947,2022,0.0,34.3,1.0,36.2,33.0,80,3,cenario1_otimo
2022-07-23,9.36846765792079,2022,1.0,34.8,1.0,36.2,33.0,81,3,cenario1_otimo
2022-07-24,10.248712321196697,2022,0.0,36.2,0.0,36.2,33.0,82,4,cenario1_otimo
2022-07-25,9.86720112171543,2022,0.0,35.7,0.0,35.7,33.0,83,3,cenario1_otimo
2022-07-26,9.973776822773313,2022,0.0,35.7,0.0,36.1,33.0,84,3,cenario1_otimo
2022-07-27,9.93014528115307,2022,0.0,35.1,0.0,36.6,33.0,85,3,cenario1_otimo
2022-07-28,10.205407346260959,2022,0.0,36.1,1.0,36.8,33.0,86,4,cenario1_otimo
2022-07-29,10.386567350746262,2022,0.0,36.6,1.0,36.8,33.0,87,4,cenario1_otimo
2022-07-30,9.960354874230449,2022,1.0,36.8,3.2,36.8,33.0,88,3,cenario1_otimo
2022-07-31,8.578418879815633,2022,0.0,33.5,2.2,35.8,33.0,89,3,cenario1_otimo
2022-08-01,7.847083148222742,2022,2.2,34.1,2.2,35.8,33.0,90,3,cenario1_otimo
2022-08-02,9.941637557219389,2022,0.0,35.8,0.0,35.8,33.0,91,3,cenario1_otimo
2022-08-03,10.155209905148705,2022,0.0,35.3,0.0,35.6,33.0,92,4,cenario1_otimo
2022-08-04,9.90859470125723,2022,0.0,35.6,0.0,36.3,33.0,93,3,cenario1_otimo
2022-08-05,9.454511059892777,2022,0.0,35.0,0.0,36.3,33.0,94,3,cenario1_otimo
2022-08-06,9.432492266515158,2022,0.0,36.3,0.0,37.0,33.0,95,3,cenario1_otimo
2022-08-07,9.584885968872829,2022,0.0,35.4,0.0,37.1,33.0,96,3,cenario1_otimo
2022-08-08,10.333490781940245,2022,0.0,37.0,0.0,37.1,33.0,97,4,cenario1_otimo
2022-08-09,10.369266365472944,2022,0.0,37.1,0.0,37.1,33.0,98,4,cenario1_otimo
2022-08-10,9.995693353344489,2022,0.0,36.3,0.0,36.3,33.0,99,3,cenario1_otimo
2022-08-11,9.627036745015088,2022,0.0,36.2,0.0,36.2,33.0,100,3,cenario1_otimo
2022-08-12,8.738440415629087,2022,0.0,34.0,0.0,35.3,33.0,101,3,cenario1_otimo
2022-08-13,8.283763520794999,2022,0.0,33.8,0.0,36.0,33.0,102,3,cenario1_otimo
2022-08-14,9.237327520465433,2022,0.0,35.3,0.0,36.8,33.0,103,3,cenario1_otimo
2022-08-15,9.515395862713946,2022,0.0,36.0,0.0,36.8,33.0,104,3,cenario1_otimo
2022-08-16,9.64471678875309,2022,0.0,36.8,0.0,36.8,33.0,105,3,cenario1_otimo
2022-08-17,9.457353226104818,2022,0.0,36.7,0.0,37.4,33.0,106,3,cenario1_otimo
2022-08-18,9.121383193771228,2022,0.0,36.6,0.0,37.4,33.0,107,3,cenario1_otimo
2023-05-04,0.6210964822654006,2023,2.0,33.9,9.399999999999999,33.9,379.825785988554,1,1,cenario1_otimo
2023-05-05,0.6382633427130247,2023,7.2,33.6,7.6000000000000005,34.2,401.71317169061365,2,1,cenario1_otimo
2023-05-06,4.0537651431393975,2023,0.2,33.7,0.4,34.4,345.2350571766389,3,2,cenario1_otimo
2023-05-07,4.394970842211457,2023,0.2,34.2,0.2,35.0,317.7171137986855,4,2,cenario1_otimo
2023-05-08,5.307462171111452,2023,0.0,34.4,0.0,35.3,294.3219476209603,5,3,cenario1_otimo
2023-05-09,5.356757383367221,2023,0.0,35.0,11.6,35.3,271.65508791485206,6,3,cenario1_otimo
2023-05-10,4.680370177981985,2023,0.0,35.3,11.6,35.3,247.03578446035448,7,2,cenario1_otimo
2023-05-11,0.0,2023,11.6,32.5,11.6,33.6,224.2649295702589,8,0,cenario1_otimo
2023-05-12,0.0,2023,0.0,33.1,4.2,33.6,188.23422191634603,9,0,cenario1_otimo
2023-05-13,1.9920529303764787,2023,0.0,33.6,4.6000000000000005,33.6,191.23831675526787,10,1,cenario1_otimo
2023-05-14,3.1840917898251133,2023,4.2,33.1,4.6000000000000005,33.1,175.22514046816022,11,2,cenario1_otimo
2023-05-15,3.75016067670379,2023,0.4,31.2,0.6000000000000001,32.5,168.77371336385252,12,2,cenario1_otimo
2023-05-16,3.1942843760678152,2023,0.0,30.1,0.2,32.5,152.24946337896574,13,2,cenario1_otimo
2023-05-17,3.8593898327403595,2023,0.2,32.5,0.6000000000000001,34.1,139.12769449549805,14,2,cenario1_otimo
2023-05-18,3.915280917079824,2023,0.0,30.0,0.4,34.1,134.2339917969809,15,2,cenario1_otimo
2023-05-19,5.268611988934579,2023,0.4,34.1,0.4,34.1,123.95649265968189,16,3,cenario1_otimo
2023-05-20,5.459273019846032,2023,0.0,33.5,0.0,34.2,119.16023499363452,17,3,cenario1_otimo
2023-05-21,4.844640997191377,2023,0.0,33.6,0.0,34.7,114.21521100504859,18,2,cenario1_otimo
2023-05-22,4.913345397757968,2023,0.0,34.2,0.0,34.7,103.7883485414737,19,2,cenario1_otimo
2023-05-23,4.5881235414675405,2023,0.0,34.7,0.0,34.7,98.8531846995816,20,2,cenario1_otimo
2023-05-24,4.813104992571173,2023,0.0,34.3,0.0,34.7,90.35543328578652,21,2,cenario1_otimo
2023-05-25,4.995683128977711,2023,0.0,33.5,0.0,34.7,87.11357174357633,22,2,cenario1_otimo
2023-05-26,5.575947700803145,2023,0.0,34.7,0.0,35.4,83.88579407534435,23,3,cenario1_otimo
2023-05-27,5.676168773786987,2023,0.0,34.4,0.0,35.4,77.21824525401641,24,3,cenario1_otimo
2023-05-28,5.903841241496203,2023,0.0,35.4,0.0,35.4,74.03180076453653,25,3,cenario1_otimo
2023-05-29,5.24104569365243,2023,0.0,34.5,0.0,34.9,70.90772304713404,26,3,cenario1_otimo
2023-05-30,4.618610782585036,2023,0.0,34.9,0.0,35.7,67.27333665358306,27,2,cenario1_otimo
2023-05-31,4.42322396271289,2023,0.0,33.9,0.0,35.7,61.07232658430249,28,2,cenario1_otimo
2023-06-01,5.301607193675792,2023,0.0,35.7,0.0,35.7,58.6949513408174,29,3,cenario1_otimo
2023-06-02,5.511815707033616,2023,0.0,35.5,0.0,35.5,56.53392468131825,30,3,cenario1_otimo
2023-06-03,5.643979199027667,2023,0.0,35.2,0.0,35.2,54.41268490366414,31,3,cenario1_otimo
2023-06-04,5.732987451804495,2023,0.0,34.8,0.0,34.8,52.25634963730087,32,3,cenario1_otimo
2023-06-05,5.908744150448918,2023,0.0,34.5,0.0,34.7,47.98579345265817,33,3,cenario1_otimo
2023-06-06,5.555313046699336,2023,0.0,34.7,0.0,34.8,45.96083463051451,34,3,cenario1_otimo
2023-06-07,4.985194870859122,2023,0.0,34.2,0.0,35.2,43.605104889956465,35,2,cenario1_otimo
2023-06-08,5.039051383433415,2023,0.0,34.8,0.0,35.2,41.53167044380729,36,3,cenario1_otimo
2023-06-09,5.100116569937265,2023,0.0,35.2,1.4,35.2,39.730650633952806,37,3,cenario1_otimo
2023-06-10,5.176039141299608,2023,0.0,34.5,1.5999999999999999,34.5,38.16544932449961,38,3,cenario1_otimo
2023-06-11,4.821616812803569,2023,1.4,34.1,1.5999999999999999,34.4,36.71553157298829,39,2,cenario1_otimo
2023-06-12,5.507313771571121,2023,0.2,34.4,0.2,34.7,35.30349333734742,40,3,cenario1_otimo
2023-06-13,5.819032084557865,2023,0.0,34.3,0.0,35.4,33.0,41,3,cenario1_otimo
2023-06-14,5.910526623304573,2023,0.0,34.7,0.0,35.5,33.0,42,3,cenario1_otimo
2023-06-15,5.63850651464763,2023,0.0,35.4,0.0,35.5,33.0,43,3,cenario1_otimo
2023-06-16,5.019006575342408,2023,0.0,35.5,0.0,35.5,33.0,44,3,cenario1_otimo
2023-06-17,4.539341888150799,2023,0.0,34.0,0.0,35.2,33.0,45,2,cenario1_otimo
2023-06-18,5.1727501810858145,2023,0.0,35.2,0.0,35.2,33.0,46,3,cenario1_otimo
2023-06-19,4.959195744341823,2023,0.0,33.2,0.0,34.4,33.0,47,2,cenario1_otimo
2023-06-20,5.261700499450076,2023,0.0,34.1,0.0,34.4,33.0,48,3,cenario1_otimo
2023-06-21,5.684133233371531,2023,0.0,34.4,0.0,34.8,33.0,49,3,cenario1_otimo
2023-06-22,5.867713265578278,2023,0.0,34.3,0.0,34.8,33.0,50,3,cenario1_otimo
2023-06-23,6.065305021247257,2023,0.0,34.8,0.0,34.8,33.0,51,3,cenario1_otimo
2023-06-24,6.1315688035800555,2023,0.0,34.6,0.0,35.2,33.0,52,3,cenario1_otimo
2023-06-25,5.966078764257946,2023,0.0,34.6,0.0,35.2,33.0,53,3,cenario1_otimo
2023-06-26,6.116389144679108,2023,0.0,35.2,0.0,35.4,33.0,54,3,cenario1_otimo
2023-06-27,6.091093395674237,2023,0.0,35.0,0.0,35.4,33.0,55,3,cenario1_otimo
2023-06-28,6.173771882194952,2023,0.0,35.4,0.0,35.4,33.0,56,3,cenario1_otimo
2023-06-29,6.030086321699709,2023,0.0,35.4,0.0,35.4,33.0,57,3,cenario1_otimo
2023-06-30,6.141462229598318,2023,0.0,35.4,0.0,35.4,33.0,58,3,cenario1_otimo
2023-07-01,5.926183412129183,2023,0.0,34.6,0.0,36.1,33.0,59,3,cenario1_otimo
2023-07-02,6.069329311302255,2023,0.0,34.6,0.0,36.1,33.0,60,3,cenario1_otimo
2023-07-03,6.353815169735249,2023,0.0,36.1,0.0,36.1,33.0,61,3,cenario1_otimo
2023-07-04,6.263088679053989,2023,0.0,35.7,0.0,35.7,33.0,62,3,cenario1_otimo
2023-07-05,6.0656496234024155,2023,0.0,35.1,0.0,35.1,33.0,63,3,cenario1_otimo
2023-07-06,6.208074856416598,2023,0.0,34.7,0.0,34.8,33.0,64,3,cenario1_otimo
2023-07-07,6.161639308328196,2023,0.0,34.8,0.0,36.1,33.0,65,3,cenario1_otimo
2023-07-08,6.048275610198574,2023,0.0,34.4,0.0,36.1,33.0,66,3,cenario1_otimo
2023-07-09,6.276821737265397,2023,0.0,36.1,0.0,36.1,33.0,67,3,cenario1_otimo
2023-07-10,6.12756521531937,2023,0.0,35.9,0.0,35.9,33.0,68,3,cenario1_otimo
2023-07-11,6.061366171277008,2023,0.0,35.3,0.0,35.9,33.0,69,3,cenario1_otimo
2023-07-12,6.267739275237007,2023,0.0,35.9,0.0,36.3,33.0,70,3,cenario1_otimo
2023-07-13,5.966216457909215,2023,0.0,34.8,0.0,36.3,33.0,71,3,cenario1_otimo
2023-07-14,6.277672902194457,2023,0.0,36.3,0.0,36.3,33.0,72,3,cenario1_otimo
2023-07-15,5.927473195790278,2023,0.0,35.0,0.0,36.2,33.0,73,3,cenario1_otimo
2023-07-16,6.188059464769307,2023,0.0,35.1,0.0,36.2,33.0,74,3,cenario1_otimo
2023-07-17,6.523271819138405,2023,0.0,36.2,0.0,36.2,33.0,75,3,cenario1_otimo
2023-07-18,6.44430822775598,2023,0.0,35.5,0.0,36.0,33.0,76,3,cenario1_otimo
2023-07-19,6.498070917707723,2023,0.0,36.0,0.0,36.0,33.0,77,3,cenario1_otimo
2023-07-20,6.439556234393274,2023,0.0,35.7,0.0,35.7,33.0,78,3,cenario1_otimo
2023-07-21,6.494171529924755,2023,0.0,34.7,0.0,35.2,33.0,79,3,cenario1_otimo
2023-07-22,6.422617582723871,2023,0.0,34.9,0.0,35.3,33.0,80,3,cenario1_otimo
2023-07-23,6.566168355855412,2023,0.0,35.2,0.0,36.0,33.0,81,3,cenario1_otimo
2023-07-24,6.557794986618685,2023,0.0,35.3,0.0,36.0,33.0,82,3,cenario1_otimo
2023-07-25,6.559210337365375,2023,0.0,36.0,0.0,36.1,33.0,83,3,cenario1_otimo
2023-07-26,6.635587505186741,2023,0.0,36.0,0.0,36.1,33.0,84,3,cenario1_otimo
2023-07-27,6.564221284660879,2023,0.0,36.1,0.0,37.1,33.0,85,3,cenario1_otimo
2023-07-28,6.454565158088414,2023,0.0,35.7,0.0,37.1,33.0,86,3,cenario1_otimo
2023-07-29,6.745802635424524,2023,0.0,37.1,0.0,37.1,33.0,87,3,cenario1_otimo
2023-07-30,6.528481765886524,2023,0.0,36.2,0.0,36.5,33.0,88,3,cenario1_otimo
2023-07-31,6.347217167214597,2023,0.0,35.8,0.0,36.5,33.0,89,3,cenario1_otimo
2023-08-01,6.580326381650969,2023,0.0,36.5,0.0,36.6,33.0,90,3,cenario1_otimo
2023-08-02,6.685326240703972,2023,0.0,36.3,0.0,36.9,33.0,91,3,cenario1_otimo
2023-08-03,6.72300592362618,2023,0.0,36.6,0.0,36.9,33.0,92,3,cenario1_otimo
2023-08-04,6.552122232054336,2023,0.0,36.9,0.0,37.3,33.0,93,3,cenario1_otimo
2023-08-05,6.144450217726723,2023,0.0,36.0,0.0,37.3,33.0,94,3,cenario1_otimo
2023-08-06,6.712257252476539,2023,0.0,37.3,0.0,37.3,33.0,95,3,cenario1_otimo
2023-08-07,6.582230636495635,2023,0.0,36.7,0.0,37.0,33.0,96,3,cenario1_otimo
2023-08-08,6.599050742192872,2023,0.0,37.0,0.0,37.0,33.0,97,3,cenario1_otimo
2023-08-09,6.182177647347067,2023,0.0,36.0,0.0,37.3,33.0,98,3,cenario1_otimo
2023-08-10,6.471071903704281,2023,0.0,36.1,0.0,37.3,33.0,99,3,cenario1_otimo
2023-08-11,6.7577890251338,2023,0.0,37.3,0.0,37.3,33.0,100,3,cenario1_otimo
2023-08-12,6.825375950295795,2023,0.0,37.3,0.0,37.3,33.0,101,3,cenario1_otimo
2023-08-13,6.6430778352556334,2023,0.0,36.4,0.0,36.9,33.0,102,3,cenario1_otimo
2023-08-14,6.715526464980465,2023,0.0,36.4,0.0,36.9,33.0,103,3,cenario1_otimo
2023-08-15,6.8549335255050865,2023,0.0,36.9,0.0,37.8,33.0,104,3,cenario1_otimo
2023-08-16,6.769962675545646,2023,0.0,36.7,0.0,37.8,33.0,105,3,cenario1_otimo
2023-08-17,6.795088586954368,2023,0.0,37.8,0.0,37.8,33.0,106,3,cenario1_otimo
2023-08-18,6.822638642756189,2023,0.0,37.8,0.0,37.8,33.0,107,3,cenario1_otimo
2025-05-04,0.0,2025,0.0,34.6,0.0,34.6,385.323979086857,1,0,cenario1_otimo
2025-05-05,0.0,2025,0.0,34.1,0.0,34.1,401.5175129379717,2,0,cenario1_otimo
2025-05-06,0.19553948660812726,2025,0.0,33.8,0.0,34.9,352.7153676072174,3,1,cenario1_otimo
2025-05-07,1.5467975637378737,2025,0.0,34.0,0.0,34.9,315.25017684912865,4,1,cenario1_otimo
2025-05-08,2.5294782747913507,2025,0.0,34.9,0.0,34.9,293.3914022612551,5,2,cenario1_otimo
2025-05-09,2.5293104640981383,2025,0.0,34.0,0.0,34.0,271.5227753610299,6,2,cenario1_otimo
2025-05-10,1.755449756551029,2025,0.0,33.7,0.0,33.7,247.03578446035448,7,1,cenario1_otimo
2025-05-11,1.4306380281659241,2025,0.0,32.6,0.0,33.4,224.2649295702589,8,1,cenario1_otimo
2025-05-12,1.9561959640917557,2025,0.0,33.4,0.0,33.7,206.2887305841143,9,1,cenario1_otimo
2025-05-13,2.4519542334826117,2025,0.0,33.2,0.0,34.2,190.91250875860916,10,2,cenario1_otimo
2025-05-14,2.845550877146336,2025,0.0,33.7,0.0,34.2,176.08088422036897,11,2,cenario1_otimo
2025-05-15,2.1198828893006727,2025,0.0,34.2,0.0,34.2,168.77371336385252,12,2,cenario1_otimo
2025-05-16,1.517226542129129,2025,0.0,33.6,0.0,34.1,152.24946337896574,13,1,cenario1_otimo
2025-05-17,1.8281274132912333,2025,0.0,32.6,0.0,34.5,139.12769449549805,14,1,cenario1_otimo
2025-05-18,2.288919670847819,2025,0.0,34.1,0.0,34.5,134.2339917969809,15,2,cenario1_otimo
2025-05-19,2.8070882750432857,2025,0.0,34.5,0.0,34.5,123.95649265968189,16,2,cenario1_otimo
2025-05-20,2.8834486840185938,2025,0.0,34.1,0.0,34.3,119.16023499363452,17,2,cenario1_otimo
2025-05-21,2.470151431979342,2025,0.0,34.3,0.0,35.0,114.21521100504859,18,2,cenario1_otimo
2025-05-22,1.8331658670633657,2025,0.0,31.7,0.0,35.0,103.7883485414737,19,1,cenario1_otimo
2025-05-23,1.8136090676479961,2025,0.0,35.0,0.0,35.0,98.8531846995816,20,1,cenario1_otimo
2025-05-24,1.9324354828727799,2025,0.0,33.4,0.0,34.8,90.35543328578652,21,1,cenario1_otimo
2025-05-25,2.4171524231320816,2025,0.0,34.4,0.0,34.8,87.11357174357633,22,2,cenario1_otimo
2025-05-26,2.755317099010291,2025,0.0,34.8,0.0,34.8,83.88579407534435,23,2,cenario1_otimo
2025-05-27,3.008621549558522,2025,0.0,34.3,0.0,34.7,77.21824525401641,24,2,cenario1_otimo
2025-05-28,3.1664811989875976,2025,0.0,34.7,0.0,34.8,74.03180076453653,25,2,cenario1_otimo
2025-05-29,2.6288825368882733,2025,0.0,34.1,0.0,34.8,70.90772304713404,26,2,cenario1_otimo
2025-05-30,1.9670553752293845,2025,0.0,34.8,0.0,34.8,67.27333665358306,27,1,cenario1_otimo
2025-05-31,1.823182589850797,2025,0.0,33.4,0.0,34.1,61.07232658430249,28,1,cenario1_otimo
2025-06-01,2.210185007377816,2025,0.0,34.0,0.0,34.1,58.6949513408174,29,2,cenario1_otimo
2025-06-02,2.479943075114313,2025,0.0,34.1,0.0,34.1,56.53392468131825,30,2,cenario1_otimo
2025-06-03,2.838923468220785,2025,0.0,33.8,0.0,34.0,54.41268490366414,31,2,cenario1_otimo
2025-06-04,2.7398817057675733,2025,0.0,32.5,0.0,35.0,52.25634963730087,32,2,cenario1_otimo
2025-06-05,3.0471597816855045,2025,0.0,34.0,0.0,35.4,47.98579345265817,33,2,cenario1_otimo
2025-06-06,2.732858242446689,2025,0.0,35.0,0.0,35.4,45.96083463051451,34,2,cenario1_otimo
2025-06-07,2.4234838459374863,2025,0.0,35.4,0.0,35.4,43.605104889956465,35,2,cenario1_otimo
2025-06-08,2.1825029942015917,2025,0.0,34.8,0.0,34.8,41.53167044380729,36,2,cenario1_otimo
2025-06-09,2.0711651129602036,2025,0.0,33.4,0.0,34.3,39.730650633952806,37,2,cenario1_otimo
2025-06-10,2.4723993874247157,2025,0.0,34.3,0.0,34.3,38.16544932449961,38,2,cenario1_otimo
2025-06-11,2.477641840462013,2025,0.0,33.4,0.0,33.4,36.71553157298829,39,2,cenario1_otimo
2025-06-12,2.367751958926477,2025,0.0,32.5,0.0,33.1,35.30349333734742,40,2,cenario1_otimo
2025-06-13,2.676570985732551,2025,0.0,33.1,0.0,33.1,33.0,41,2,cenario1_otimo
2025-06-14,2.770294399766124,2025,0.0,33.1,0.0,34.4,33.0,42,2,cenario1_otimo
2025-06-15,2.5276067642801405,2025,0.0,33.0,0.0,34.6,33.0,43,2,cenario1_otimo
2025-06-16,2.3119573695196376,2025,0.0,34.4,0.0,34.6,33.0,44,2,cenario1_otimo
2025-06-17,2.2672017543696867,2025,0.0,34.6,0.0,34.8,33.0,45,2,cenario1_otimo
2025-06-18,2.3005687042203076,2025,0.0,34.4,0.0,34.8,33.0,46,2,cenario1_otimo
2025-06-19,2.557111802643987,2025,0.0,34.8,0.0,34.8,33.0,47,2,cenario1_otimo
2025-06-20,2.841492756342472,2025,0.0,34.5,0.0,34.5,33.0,48,2,cenario1_otimo
2025-06-21,2.8848665639954327,2025,0.0,34.2,0.0,35.1,33.0,49,2,cenario1_otimo
2025-06-22,3.042983215459662,2025,0.0,34.3,0.0,35.1,33.0,50,2,cenario1_otimo
2025-06-23,3.1983345176595406,2025,0.0,35.1,0.0,35.1,33.0,51,2,cenario1_otimo
2025-06-24,3.1337284313989278,2025,0.0,35.1,0.0,35.1,33.0,52,2,cenario1_otimo
2025-06-25,3.2106638472637288,2025,0.0,33.9,0.0,34.7,33.0,53,2,cenario1_otimo
2025-06-26,2.968616577634098,2025,0.0,33.6,0.0,34.7,33.0,54,2,cenario1_otimo
2025-06-27,3.241243098762487,2025,0.0,34.7,0.0,34.7,33.0,55,2,cenario1_otimo
2025-06-28,3.292288469567104,2025,0.0,34.6,0.0,34.6,33.0,56,2,cenario1_otimo
2025-06-29,3.1744811713699033,2025,0.0,34.2,0.0,34.5,33.0,57,2,cenario1_otimo
2025-06-30,3.0541648264509726,2025,0.0,33.7,0.0,34.5,33.0,58,2,cenario1_otimo
2025-07-01,3.3102697520634,2025,0.0,34.5,0.0,34.8,33.0,59,2,cenario1_otimo
2025-07-02,3.2395123193580426,2025,0.0,34.0,0.0,34.8,33.0,60,2,cenario1_otimo
2025-07-03,3.177131397910002,2025,0.0,34.8,0.0,34.9,33.0,61,2,cenario1_otimo
2025-07-04,3.38545000875764,2025,0.0,34.6,0.0,36.1,33.0,62,2,cenario1_otimo
2025-07-05,3.478524321857893,2025,0.0,34.9,0.0,36.1,33.0,63,2,cenario1_otimo
2025-07-06,3.699815150713828,2025,0.0,36.1,0.0,36.1,33.0,64,2,cenario1_otimo
2025-07-07,3.6955662785679553,2025,0.0,35.9,0.0,35.9,33.0,65,2,cenario1_otimo
2025-07-08,3.594223707449451,2025,0.0,35.6,0.0,36.2,33.0,66,2,cenario1_otimo
2025-07-09,3.512428522594369,2025,0.0,35.1,0.0,36.2,33.0,67,2,cenario1_otimo
2025-07-10,3.6484928433434094,2025,0.0,36.2,0.0,36.5,33.0,68,2,cenario1_otimo
2025-07-11,3.671270248753542,2025,0.0,36.0,0.0,36.5,33.0,69,2,cenario1_otimo
2025-07-12,3.6018243473454117,2025,0.0,36.5,0.0,36.5,33.0,70,2,cenario1_otimo
2025-07-13,3.5407863796505596,2025,0.0,35.7,0.0,35.7,33.0,71,2,cenario1_otimo
2025-07-14,3.654705092207852,2025,0.0,35.1,0.0,35.3,33.0,72,2,cenario1_otimo
2025-07-15,3.5720702655360763,2025,0.0,34.6,0.0,36.1,33.0,73,2,cenario1_otimo
2025-07-16,3.661438722571309,2025,0.0,35.3,0.0,36.1,33.0,74,2,cenario1_otimo
2025-07-17,3.7632019785273756,2025,0.0,36.1,0.0,36.1,33.0,75,2,cenario1_otimo
2025-07-18,3.826644200130952,2025,0.0,35.7,0.0,36.2,33.0,76,2,cenario1_otimo
2025-07-19,3.6290947817707533,2025,0.0,35.3,0.0,36.2,33.0,77,2,cenario1_otimo
2025-07-20,3.654697464502629,2025,0.0,36.2,0.0,36.2,33.0,78,2,cenario1_otimo
2025-07-21,3.613642042993007,2025,0.0,35.8,0.0,35.8,33.0,79,2,cenario1_otimo
2025-07-22,3.2705372028290465,2025,0.0,34.5,0.0,35.7,33.0,80,2,cenario1_otimo
2025-07-23,3.560463582208484,2025,0.0,35.1,0.0,35.7,33.0,81,2,cenario1_otimo
2025-07-24,3.26485960375496,2025,0.0,35.7,0.0,35.7,33.0,82,2,cenario1_otimo
2025-07-25,3.0425062070222055,2025,0.0,35.0,0.0,36.1,33.0,83,2,cenario1_otimo
2025-07-26,3.150488990344991,2025,0.0,35.3,0.0,37.0,33.0,84,2,cenario1_otimo
2025-07-27,3.1906740156375513,2025,0.0,36.1,0.0,37.0,33.0,85,2,cenario1_otimo
2025-07-28,3.953733103452395,2025,0.0,37.0,0.0,37.0,33.0,86,2,cenario1_otimo
2025-07-29,3.4879640359754718,2025,0.0,36.9,0.0,36.9,33.0,87,2,cenario1_otimo
2025-07-30,3.180898939892077,2025,0.0,36.0,0.0,36.0,33.0,88,2,cenario1_otimo
2025-07-31,3.0137122203245217,2025,0.0,34.5,0.0,34.5,33.0,89,2,cenario1_otimo
2025-08-01,2.7964296594665567,2025,0.0,30.7,0.0,35.5,33.0,90,2,cenario1_otimo
2025-08-02,3.1818706386401967,2025,0.0,34.3,0.0,35.8,33.0,91,2,cenario1_otimo
2025-08-03,3.573809144586587,2025,0.0,35.5,0.0,36.8,33.0,92,2,cenario1_otimo
2025-08-04,3.7071375555924053,2025,0.0,35.8,0.0,36.8,33.0,93,2,cenario1_otimo
2025-08-05,3.766032645966769,2025,0.0,36.8,0.0,36.8,33.0,94,2,cenario1_otimo
2025-08-06,3.6611453270279153,2025,0.0,35.9,0.0,36.1,33.0,95,2,cenario1_otimo
2025-08-07,3.2733892560067894,2025,0.0,36.1,0.0,36.1,33.0,96,2,cenario1_otimo
2025-08-08,3.2898476936584653,2025,0.0,35.1,0.0,36.0,33.0,97,2,cenario1_otimo
2025-08-09,3.303507923281285,2025,0.0,35.2,0.0,36.0,33.0,98,2,cenario1_otimo
2025-08-10,3.7216471106486986,2025,0.0,36.0,0.0,36.0,33.0,99,2,cenario1_otimo
2025-08-11,3.150933019763777,2025,0.0,33.4,0.0,35.8,33.0,100,2,cenario1_otimo
2025-08-12,3.6027533195134747,2025,0.0,35.8,0.0,35.8,33.0,101,2,cenario1_otimo
2025-08-13,3.1986894073796655,2025,0.0,32.6,0.0,34.8,33.0,102,2,cenario1_otimo
2025-08-14,3.3539547273752053,2025,0.0,34.4,0.0,35.7,33.0,103,2,cenario1_otimo
2025-08-15,3.4932787150052302,2025,0.0,34.8,0.0,35.9,33.0,104,2,cenario1_otimo
2025-08-16,3.621507516254169,2025,0.0,35.7,0.0,36.3,33.0,105,2,cenario1_otimo
2025-08-17,3.4424884827182396,2025,0.0,35.9,0.0,36.7,33.0,106,2,cenario1_otimo
2025-08-18,3.576475892144557,2025,0.0,36.3,0.0,36.9,33.0,107,2,cenario1_otimo
